Vendor_Name,Vendor_Code,Brand_Name,Style_Code,Style_Name,Style_Description,Vendor_Colour_Name,Vendor_Colour_Code,IK_Colour_Name,IK_Colour_Code,Size_Unit,Size_Name,Size_Code,Equivalent_US_Size,Equivalent_UK_Size,EAN_Code,Currency,MRP,Season_Name,Season_Code,Year,Country_Of_Origin,HSN_Code,GST_Tax_Slab,Availability,Segment,Portfolio,Department,Vertical,Category,Brick,Occasion,Sleeve,Neck,Collar,Pattern,Fabric_Construction,Fit,Material,Composition,Fabric,Length,Hemline,Rise,Pack_Qty,Pleat,Closure_Type,Weather,Style_Type,Collection,Vendor_Category,Vendor_Brick,Vendor_Season,Vendor_Article_Number,Special_Feature_1,Special_Feature_2,Special_Feature_3
,,Shree,133739801,JJIACE JJBONDI TAPE AKM,"JJIACE JJBONDI TAPE AKM, Black, S",Black,D,Black,#000000,Other  ,Small,S,,,5715428774840,INR,3999,Core,NOS,2026,India,62034290,0.18,Immediate,Men,International,Clothing,Western_Wear,Bottom_Wear,Trousers,Casual,,,,Solid,Woven,Slim,,Cotton 98% Elastane 2%  ,,Regular,,Mid,,,,,,,PANTS,CARGO,NOOS,1337398001,,6 pockets,Jeans Intelligence
,,Shree,133739801,JJIACE JJBONDI TAPE AKM,"JJIACE JJBONDI TAPE AKM, Black, M",Black,D,Black,#000000,Other  ,Medium,M,,,5715428774857,INR,3999,Core,NOS,2026,India,62034290,0.18,Immediate,Men,International,Clothing,Western_Wear,Bottom_Wear,Trousers,Casual,,,,Solid,Woven,Slim,,Cotton 98% Elastane 2%  ,,Regular,,Mid,,,,,,,PANTS,CARGO,NOOS,1337398002,,6 pockets,Jeans Intelligence
,,Shree,133739801,JJIACE JJBONDI TAPE AKM,"JJIACE JJBONDI TAPE AKM, Black, L",Black,D,Black,#000000,Other  ,Large,L,,,5715428774864,INR,3999,Core,NOS,2026,India,62034290,0.18,Immediate,Men,International,Clothing,Western_Wear,Bottom_Wear,Trousers,Casual,,,,Solid,Woven,Slim,,Cotton 98% Elastane 2%  ,,Regular,,Mid,,,,,,,PANTS,CARGO,NOOS,1337398003,,6 pockets,Jeans Intelligence
,,Shree,133739801,JJIACE JJBONDI TAPE AKM,"JJIACE JJBONDI TAPE AKM, Black, XL",Black,D,Black,#000000,Other  ,X-Large,XL,,,5715428774871,INR,3999,Core,NOS,2026,India,62034290,0.18,Immediate,Men,International,Clothing,Western_Wear,Bottom_Wear,Trousers,Casual,,,,Solid,Woven,Slim,,Cotton 98% Elastane 2%  ,,Regular,,Mid,,,,,,,PANTS,CARGO,NOOS,1337398004,,6 pockets,Jeans Intelligence
,,Shree,133739801,JJIACE JJBONDI TAPE AKM,"JJIACE JJBONDI TAPE AKM, Black, XXL",Black,D,Black,#000000,Other  ,XX-Large,XXL,,,5715428774888,INR,3999,Core,NOS,2026,India,62034290,0.18,Immediate,Men,International,Clothing,Western_Wear,Bottom_Wear,Trousers,Casual,,,,Solid,Woven,Slim,,Cotton 98% Elastane 2%  ,,Regular,,Mid,,,,,,,PANTS,CARGO,NOOS,1337398005,,6 pockets,Jeans Intelligence
,,Shree,133739802,JJIACE JJBONDI TAPE AKM,"JJIACE JJBONDI TAPE AKM, Shadow, S",Shadow,AL,Light Grey,#d3d3d3,Other  ,Small,S,,,5715428774895,INR,3999,Core,NOS,2026,India,62034290,0.18,Immediate,Men,International,Clothing,Western_Wear,Bottom_Wear,Trousers,Casual,,,,Solid,Woven,Slim,,Cotton 98% Elastane 2%  ,,Regular,,Mid,,,,,,,PANTS,CARGO,NOOS,1337398006,,6 pockets,Jeans Intelligence
,,Shree,133739802,JJIACE JJBONDI TAPE AKM,"JJIACE JJBONDI TAPE AKM, Shadow, M",Shadow,AL,Light Grey,#d3d3d3,Other  ,Medium,M,,,5715428774901,INR,3999,Core,NOS,2026,India,62034290,0.18,Immediate,Men,International,Clothing,Western_Wear,Bottom_Wear,Trousers,Casual,,,,Solid,Woven,Slim,,Cotton 98% Elastane 2%  ,,Regular,,Mid,,,,,,,PANTS,CARGO,NOOS,1337398007,,6 pockets,Jeans Intelligence
,,Shree,133739802,JJIACE JJBONDI TAPE AKM,"JJIACE JJBONDI TAPE AKM, Shadow, L",Shadow,AL,Light Grey,#d3d3d3,Other  ,Large,L,,,5715428774918,INR,3999,Core,NOS,2026,India,62034290,0.18,Immediate,Men,International,Clothing,Western_Wear,Bottom_Wear,Trousers,Casual,,,,Solid,Woven,Slim,,Cotton 98% Elastane 2%  ,,Regular,,Mid,,,,,,,PANTS,CARGO,NOOS,1337398008,,6 pockets,Jeans Intelligence
,,Shree,133739802,JJIACE JJBONDI TAPE AKM,"JJIACE JJBONDI TAPE AKM, Shadow, XL",Shadow,AL,Light Grey,#d3d3d3,Other  ,X-Large,XL,,,5715428774925,INR,3999,Core,NOS,2026,India,62034290,0.18,Immediate,Men,International,Clothing,Western_Wear,Bottom_Wear,Trousers,Casual,,,,Solid,Woven,Slim,,Cotton 98% Elastane 2%  ,,Regular,,Mid,,,,,,,PANTS,CARGO,NOOS,1337398009,,6 pockets,Jeans Intelligence
,,Shree,133739802,JJIACE JJBONDI TAPE AKM,"JJIACE JJBONDI TAPE AKM, Shadow, XXL",Shadow,AL,Light Grey,#d3d3d3,Other  ,XX-Large,XXL,,,5715428774932,INR,3999,Core,NOS,2026,India,62034290,0.18,Immediate,Men,International,Clothing,Western_Wear,Bottom_Wear,Trousers,Casual,,,,Solid,Woven,Slim,,Cotton 98% Elastane 2%  ,,Regular,,Mid,,,,,,,PANTS,CARGO,NOOS,1337398010,,6 pockets,Jeans Intelligence
,,Shree,133739805,JJIACE JJBONDI TAPE AKM,"JJIACE JJBONDI TAPE AKM, Crockery, S",Crockery,AJ,Light Brown,#964B00,Other  ,Small,S,,,5715601767690,INR,3999,Core,NOS,2026,India,62034290,0.18,Immediate,Men,International,Clothing,Western_Wear,Bottom_Wear,Trousers,Casual,,,,Solid,Woven,Slim,,Cotton 98% Elastane 2%  ,,Regular,,Mid,,,,,,,PANTS,CARGO,NOOS,1337398024,,6 pockets,Jeans Intelligence
,,Shree,133739805,JJIACE JJBONDI TAPE AKM,"JJIACE JJBONDI TAPE AKM, Crockery, M",Crockery,AJ,Light Brown,#964B00,Other  ,Medium,M,,,5715601767706,INR,3999,Core,NOS,2026,India,62034290,0.18,Immediate,Men,International,Clothing,Western_Wear,Bottom_Wear,Trousers,Casual,,,,Solid,Woven,Slim,,Cotton 98% Elastane 2%  ,,Regular,,Mid,,,,,,,PANTS,CARGO,NOOS,1337398021,,6 pockets,Jeans Intelligence
,,Shree,133739805,JJIACE JJBONDI TAPE AKM,"JJIACE JJBONDI TAPE AKM, Crockery, L",Crockery,AJ,Light Brown,#964B00,Other  ,Large,L,,,5715601767713,INR,3999,Core,NOS,2026,India,62034290,0.18,Immediate,Men,International,Clothing,Western_Wear,Bottom_Wear,Trousers,Casual,,,,Solid,Woven,Slim,,Cotton 98% Elastane 2%  ,,Regular,,Mid,,,,,,,PANTS,CARGO,NOOS,1337398027,,6 pockets,Jeans Intelligence
,,Shree,133739805,JJIACE JJBONDI TAPE AKM,"JJIACE JJBONDI TAPE AKM, Crockery, XL",Crockery,AJ,Light Brown,#964B00,Other  ,X-Large,XL,,,5715601767720,INR,3999,Core,NOS,2026,India,62034290,0.18,Immediate,Men,International,Clothing,Western_Wear,Bottom_Wear,Trousers,Casual,,,,Solid,Woven,Slim,,Cotton 98% Elastane 2%  ,,Regular,,Mid,,,,,,,PANTS,CARGO,NOOS,1337398025,,6 pockets,Jeans Intelligence
,,Shree,133739805,JJIACE JJBONDI TAPE AKM,"JJIACE JJBONDI TAPE AKM, Crockery, XXL",Crockery,AJ,Light Brown,#964B00,Other  ,XX-Large,XXL,,,5715601767737,INR,3999,Core,NOS,2026,India,62034290,0.18,Immediate,Men,International,Clothing,Western_Wear,Bottom_Wear,Trousers,Casual,,,,Solid,Woven,Slim,,Cotton 98% Elastane 2%  ,,Regular,,Mid,,,,,,,PANTS,CARGO,NOOS,1337398023,,6 pockets,Jeans Intelligence
,,Shree,133739806,JJIACE JJBONDI TAPE AKM,"JJIACE JJBONDI TAPE AKM, Forest Night, S",Forest Night,BA,Olive,#808000,Other  ,Small,S,,,5715601767744,INR,3999,Core,NOS,2026,India,62034290,0.18,Immediate,Men,International,Clothing,Western_Wear,Bottom_Wear,Trousers,Casual,,,,Solid,Woven,Slim,,Cotton 98% Elastane 2%  ,,Regular,,Mid,,,,,,,PANTS,CARGO,NOOS,1337398026,,6 pockets,Jeans Intelligence
,,Shree,133739806,JJIACE JJBONDI TAPE AKM,"JJIACE JJBONDI TAPE AKM, Forest Night, M",Forest Night,BA,Olive,#808000,Other  ,Medium,M,,,5715601767751,INR,3999,Core,NOS,2026,India,62034290,0.18,Immediate,Men,International,Clothing,Western_Wear,Bottom_Wear,Trousers,Casual,,,,Solid,Woven,Slim,,Cotton 98% Elastane 2%  ,,Regular,,Mid,,,,,,,PANTS,CARGO,NOOS,1337398028,,6 pockets,Jeans Intelligence
,,Shree,133739806,JJIACE JJBONDI TAPE AKM,"JJIACE JJBONDI TAPE AKM, Forest Night, L",Forest Night,BA,Olive,#808000,Other  ,Large,L,,,5715601767768,INR,3999,Core,NOS,2026,India,62034290,0.18,Immediate,Men,International,Clothing,Western_Wear,Bottom_Wear,Trousers,Casual,,,,Solid,Woven,Slim,,Cotton 98% Elastane 2%  ,,Regular,,Mid,,,,,,,PANTS,CARGO,NOOS,1337398029,,6 pockets,Jeans Intelligence
,,Shree,133739806,JJIACE JJBONDI TAPE AKM,"JJIACE JJBONDI TAPE AK, Forest Night, XL",Forest Night,BA,Olive,#808000,Other  ,X-Large,XL,,,5715601767775,INR,3999,Core,NOS,2026,India,62034290,0.18,Immediate,Men,International,Clothing,Western_Wear,Bottom_Wear,Trousers,Casual,,,,Solid,Woven,Slim,,Cotton 98% Elastane 2%  ,,Regular,,Mid,,,,,,,PANTS,CARGO,NOOS,1337398022,,6 pockets,Jeans Intelligence
,,Shree,133739806,JJIACE JJBONDI TAPE AKM,"JJIACE JJBONDI TAPE A, Forest Night, XXL",Forest Night,BA,Olive,#808000,Other  ,XX-Large,XXL,,,5715601767782,INR,3999,Core,NOS,2026,India,62034290,0.18,Immediate,Men,International,Clothing,Western_Wear,Bottom_Wear,Trousers,Casual,,,,Solid,Woven,Slim,,Cotton 98% Elastane 2%  ,,Regular,,Mid,,,,,,,PANTS,CARGO,NOOS,1337398030,,6 pockets,Jeans Intelligence
,,Shree,223204401,JJCO KANE CARGO,"JJCO KANE CARGO, Beige, S",Beige,C,Beige,#F5F5DC,Other  ,Small,S,,,5715606772798,INR,4499,Core,NOS,2026,India,62034290,0.18,Immediate,Men,International,Clothing,Western_Wear,Bottom_Wear,Trousers,Casual,,,,Solid,Woven,Regular,,Cotton 98% Elastane 2%  ,,Regular,,Mid,,,,,,,PANTS,CARGO,NOOS,2232044001,,6 pockets,CORE by JACK & JONES
,,Shree,223204401,JJCO KANE CARGO,"JJCO KANE CARGO, Beige, M",Beige,C,Beige,#F5F5DC,Other  ,Medium,M,,,5715606772804,INR,4499,Core,NOS,2026,India,62034290,0.18,Immediate,Men,International,Clothing,Western_Wear,Bottom_Wear,Trousers,Casual,,,,Solid,Woven,Regular,,Cotton 98% Elastane 2%  ,,Regular,,Mid,,,,,,,PANTS,CARGO,NOOS,2232044002,,6 pockets,CORE by JACK & JONES
,,Shree,223204401,JJCO KANE CARGO,"JJCO KANE CARGO, Beige, L",Beige,C,Beige,#F5F5DC,Other  ,Large,L,,,5715606772811,INR,4499,Core,NOS,2026,India,62034290,0.18,Immediate,Men,International,Clothing,Western_Wear,Bottom_Wear,Trousers,Casual,,,,Solid,Woven,Regular,,Cotton 98% Elastane 2%  ,,Regular,,Mid,,,,,,,PANTS,CARGO,NOOS,2232044003,,6 pockets,CORE by JACK & JONES
,,Shree,223204401,JJCO KANE CARGO,"JJCO KANE CARGO, Beige, XL",Beige,C,Beige,#F5F5DC,Other  ,X-Large,XL,,,5715606772828,INR,4499,Core,NOS,2026,India,62034290,0.18,Immediate,Men,International,Clothing,Western_Wear,Bottom_Wear,Trousers,Casual,,,,Solid,Woven,Regular,,Cotton 98% Elastane 2%  ,,Regular,,Mid,,,,,,,PANTS,CARGO,NOOS,2232044004,,6 pockets,CORE by JACK & JONES
,,Shree,223204401,JJCO KANE CARGO,"JJCO KANE CARGO, Beige, XXL",Beige,C,Beige,#F5F5DC,Other  ,XX-Large,XXL,,,5715606772835,INR,4499,Core,NOS,2026,India,62034290,0.18,Immediate,Men,International,Clothing,Western_Wear,Bottom_Wear,Trousers,Casual,,,,Solid,Woven,Regular,,Cotton 98% Elastane 2%  ,,Regular,,Mid,,,,,,,PANTS,CARGO,NOOS,2232044005,,6 pockets,CORE by JACK & JONES
,,Shree,223204402,JJCO KANE CARGO,"JJCO KANE CARGO, Black, S",Black,D,Black,#000000,Other  ,Small,S,,,5715606772842,INR,4499,Core,NOS,2026,India,62034290,0.18,Immediate,Men,International,Clothing,Western_Wear,Bottom_Wear,Trousers,Casual,,,,Solid,Woven,Regular,,Cotton 98% Elastane 2%  ,,Regular,,Mid,,,,,,,PANTS,CARGO,NOOS,2232044006,,6 pockets,CORE by JACK & JONES
,,Shree,223204402,JJCO KANE CARGO,"JJCO KANE CARGO, Black, M",Black,D,Black,#000000,Other  ,Medium,M,,,5715606772859,INR,4499,Core,NOS,2026,India,62034290,0.18,Immediate,Men,International,Clothing,Western_Wear,Bottom_Wear,Trousers,Casual,,,,Solid,Woven,Regular,,Cotton 98% Elastane 2%  ,,Regular,,Mid,,,,,,,PANTS,CARGO,NOOS,2232044007,,6 pockets,CORE by JACK & JONES
,,Shree,223204402,JJCO KANE CARGO,"JJCO KANE CARGO, Black, L",Black,D,Black,#000000,Other  ,Large,L,,,5715606772866,INR,4499,Core,NOS,2026,India,62034290,0.18,Immediate,Men,International,Clothing,Western_Wear,Bottom_Wear,Trousers,Casual,,,,Solid,Woven,Regular,,Cotton 98% Elastane 2%  ,,Regular,,Mid,,,,,,,PANTS,CARGO,NOOS,2232044008,,6 pockets,CORE by JACK & JONES
,,Shree,223204402,JJCO KANE CARGO,"JJCO KANE CARGO, Black, XL",Black,D,Black,#000000,Other  ,X-Large,XL,,,5715606772873,INR,4499,Core,NOS,2026,India,62034290,0.18,Immediate,Men,International,Clothing,Western_Wear,Bottom_Wear,Trousers,Casual,,,,Solid,Woven,Regular,,Cotton 98% Elastane 2%  ,,Regular,,Mid,,,,,,,PANTS,CARGO,NOOS,2232044009,,6 pockets,CORE by JACK & JONES
,,Shree,223204402,JJCO KANE CARGO,"JJCO KANE CARGO, Black, XXL",Black,D,Black,#000000,Other  ,XX-Large,XXL,,,5715606772880,INR,4499,Core,NOS,2026,India,62034290,0.18,Immediate,Men,International,Clothing,Western_Wear,Bottom_Wear,Trousers,Casual,,,,Solid,Woven,Regular,,Cotton 98% Elastane 2%  ,,Regular,,Mid,,,,,,,PANTS,CARGO,NOOS,2232044010,,6 pockets,CORE by JACK & JONES
,,Shree,223204405,JJCO KANE CARGO,"JJCO KANE CARGO, Olive Night, S",Olive Night,BA,Olive,#808000,Other  ,Small,S,,,8905944420254,INR,4499,Core,NOS,2026,India,62034290,0.18,Immediate,Men,International,Clothing,Western_Wear,Bottom_Wear,Trousers,Casual,,,,Solid,Woven,Regular,,Cotton 98% Elastane 2%  ,,Regular,,Mid,,,,,,,PANTS,CARGO,NOOS,2232044023,,6 pockets,CORE by JACK & JONES
,,Shree,223204405,JJCO KANE CARGO,"JJCO KANE CARGO, Olive Night, M",Olive Night,BA,Olive,#808000,Other  ,Medium,M,,,8905944420247,INR,4499,Core,NOS,2026,India,62034290,0.18,Immediate,Men,International,Clothing,Western_Wear,Bottom_Wear,Trousers,Casual,,,,Solid,Woven,Regular,,Cotton 98% Elastane 2%  ,,Regular,,Mid,,,,,,,PANTS,CARGO,NOOS,2232044022,,6 pockets,CORE by JACK & JONES
,,Shree,223204405,JJCO KANE CARGO,"JJCO KANE CARGO, Olive Night, L",Olive Night,BA,Olive,#808000,Other  ,Large,L,,,8905944420230,INR,4499,Core,NOS,2026,India,62034290,0.18,Immediate,Men,International,Clothing,Western_Wear,Bottom_Wear,Trousers,Casual,,,,Solid,Woven,Regular,,Cotton 98% Elastane 2%  ,,Regular,,Mid,,,,,,,PANTS,CARGO,NOOS,2232044021,,6 pockets,CORE by JACK & JONES
,,Shree,223204405,JJCO KANE CARGO,"JJCO KANE CARGO, Olive Night, XL",Olive Night,BA,Olive,#808000,Other  ,X-Large,XL,,,8905944420261,INR,4499,Core,NOS,2026,India,62034290,0.18,Immediate,Men,International,Clothing,Western_Wear,Bottom_Wear,Trousers,Casual,,,,Solid,Woven,Regular,,Cotton 98% Elastane 2%  ,,Regular,,Mid,,,,,,,PANTS,CARGO,NOOS,2232044024,,6 pockets,CORE by JACK & JONES
,,Shree,223204405,JJCO KANE CARGO,"JJCO KANE CARGO, Olive Night, XXL",Olive Night,BA,Olive,#808000,Other  ,XX-Large,XXL,,,8905944420278,INR,4499,Core,NOS,2026,India,62034290,0.18,Immediate,Men,International,Clothing,Western_Wear,Bottom_Wear,Trousers,Casual,,,,Solid,Woven,Regular,,Cotton 98% Elastane 2%  ,,Regular,,Mid,,,,,,,PANTS,CARGO,NOOS,2232044025,,6 pockets,CORE by JACK & JONES
,,Shree,902287201,JPSTGORDON SHARK SWEAT PANTS NOOS,"JPSTGORDON SHARK, Light Grey Melange, S",Light Grey Melange,AC,Grey Melange,#DCDCDC,Other  ,Small,S,,,8905944898282,INR,2499,Core,NOS,2026,Denmark,61034200,0.05,Immediate,Men,International,Clothing,Western_Wear,Bottom_Wear,Trousers,Casual,,,,Solid,Knit,Slim,,Cotton 100%   ,,Regular,,Low,,,Elastic,,,,PANTS,SWEAT PANT,NOOS,9022872007,,,ORIGINALS by JACK & JONES
,,Shree,902287201,JPSTGORDON SHARK SWEAT PANTS NOOS,"JPSTGORDON SHARK, Light Grey Melange, M",Light Grey Melange,AC,Grey Melange,#DCDCDC,Other  ,Medium,M,,,8905944898268,INR,2499,Core,NOS,2026,Denmark,61034200,0.05,Immediate,Men,International,Clothing,Western_Wear,Bottom_Wear,Trousers,Casual,,,,Solid,Knit,Slim,,Cotton 100%   ,,Regular,,Low,,,Elastic,,,,PANTS,SWEAT PANT,NOOS,9022872004,,,ORIGINALS by JACK & JONES
,,Shree,902287201,JPSTGORDON SHARK SWEAT PANTS NOOS,"JPSTGORDON SHARK, Light Grey Melange, L",Light Grey Melange,AC,Grey Melange,#DCDCDC,Other  ,Large,L,,,8905944898244,INR,2499,Core,NOS,2026,Denmark,61034200,0.05,Immediate,Men,International,Clothing,Western_Wear,Bottom_Wear,Trousers,Casual,,,,Solid,Knit,Slim,,Cotton 100%   ,,Regular,,Low,,,Elastic,,,,PANTS,SWEAT PANT,NOOS,9022872001,,,ORIGINALS by JACK & JONES
,,Shree,902287201,JPSTGORDON SHARK SWEAT PANTS NOOS,"JPSTGORDON SHARK, Light Grey Melange, XL",Light Grey Melange,AC,Grey Melange,#DCDCDC,Other  ,X-Large,XL,,,8905944898305,INR,2499,Core,NOS,2026,Denmark,61034200,0.05,Immediate,Men,International,Clothing,Western_Wear,Bottom_Wear,Trousers,Casual,,,,Solid,Knit,Slim,,Cotton 100%   ,,Regular,,Low,,,Elastic,,,,PANTS,SWEAT PANT,NOOS,9022872010,,,ORIGINALS by JACK & JONES
,,Shree,902287201,JPSTGORDON SHARK SWEAT PANTS NOOS,"JPSTGORDON SHAR, Light Grey Melange, XXL",Light Grey Melange,AC,Grey Melange,#DCDCDC,Other  ,XX-Large,XXL,,,8905944898329,INR,2499,Core,NOS,2026,Denmark,61034200,0.05,Immediate,Men,International,Clothing,Western_Wear,Bottom_Wear,Trousers,Casual,,,,Solid,Knit,Slim,,Cotton 100%   ,,Regular,,Low,,,Elastic,,,,PANTS,SWEAT PANT,NOOS,9022872013,,,ORIGINALS by JACK & JONES
,,Shree,902287203,JPSTGORDON SHARK SWEAT PANTS NOOS,"JPSTGORDON SHARK SWEAT PANTS N, BLACK, S",Black,D,Black,#000000,Other  ,Small,S,,,8905944898299,INR,2499,Core,NOS,2026,Denmark,61034200,0.05,Immediate,Men,International,Clothing,Western_Wear,Bottom_Wear,Trousers,Casual,,,,Solid,Knit,Slim,,Cotton 100%   ,,Regular,,Low,,,Elastic,,,,PANTS,SWEAT PANT,NOOS,9022872009,,,ORIGINALS by JACK & JONES
,,Shree,902287203,JPSTGORDON SHARK SWEAT PANTS NOOS,"JPSTGORDON SHARK SWEAT PANTS N, BLACK, M",Black,D,Black,#000000,Other  ,Medium,M,,,8905944898275,INR,2499,Core,NOS,2026,Denmark,61034200,0.05,Immediate,Men,International,Clothing,Western_Wear,Bottom_Wear,Trousers,Casual,,,,Solid,Knit,Slim,,Cotton 100%   ,,Regular,,Low,,,Elastic,,,,PANTS,SWEAT PANT,NOOS,9022872006,,,ORIGINALS by JACK & JONES
,,Shree,902287203,JPSTGORDON SHARK SWEAT PANTS NOOS,"JPSTGORDON SHARK SWEAT PANTS N, BLACK, L",Black,D,Black,#000000,Other  ,Large,L,,,8905944898251,INR,2499,Core,NOS,2026,Denmark,61034200,0.05,Immediate,Men,International,Clothing,Western_Wear,Bottom_Wear,Trousers,Casual,,,,Solid,Knit,Slim,,Cotton 100%   ,,Regular,,Low,,,Elastic,,,,PANTS,SWEAT PANT,NOOS,9022872003,,,ORIGINALS by JACK & JONES
,,Shree,902287203,JPSTGORDON SHARK SWEAT PANTS NOOS,"JPSTGORDON SHARK SWEAT PANTS, BLACK, XL",Black,D,Black,#000000,Other  ,X-Large,XL,,,8905944898312,INR,2499,Core,NOS,2026,Denmark,61034200,0.05,Immediate,Men,International,Clothing,Western_Wear,Bottom_Wear,Trousers,Casual,,,,Solid,Knit,Slim,,Cotton 100%   ,,Regular,,Low,,,Elastic,,,,PANTS,SWEAT PANT,NOOS,9022872012,,,ORIGINALS by JACK & JONES
,,Shree,902287203,JPSTGORDON SHARK SWEAT PANTS NOOS,"JPSTGORDON SHARK SWEAT PANTS, BLACK, XXL",Black,D,Black,#000000,Other  ,XX-Large,XXL,,,8905944898336,INR,2499,Core,NOS,2026,Denmark,61034200,0.05,Immediate,Men,International,Clothing,Western_Wear,Bottom_Wear,Trousers,Casual,,,,Solid,Knit,Slim,,Cotton 100%   ,,Regular,,Low,,,Elastic,,,,PANTS,SWEAT PANT,NOOS,9022872015,,,ORIGINALS by JACK & JONES
,,Shree,902287301,JPSTWILL FUSION SWEAT PANTS NOOS,"JPSTWILL FUSION S, Light Grey Melange, S",Light Grey Melange,AC,Grey Melange,#DCDCDC,Other  ,Small,S,,,8905944907359,INR,4499,Core,NOS,2026,Denmark,61034300,0.18,Immediate,Men,International,Clothing,Western_Wear,Bottom_Wear,Trousers,Casual,,,,Solid,Knit,Slim,,Polyester 58% Cotton 42%  ,,Regular,,Low,,,Elastic,,,,PANTS,SWEAT PANT,NOOS,9022873005,,,CORE by JACK & JONES
,,Shree,902287301,JPSTWILL FUSION SWEAT PANTS NOOS,"JPSTWILL FUSION S, Light Grey Melange, M",Light Grey Melange,AC,Grey Melange,#DCDCDC,Other  ,Medium,M,,,8905944907335,INR,4499,Core,NOS,2026,Denmark,61034300,0.18,Immediate,Men,International,Clothing,Western_Wear,Bottom_Wear,Trousers,Casual,,,,Solid,Knit,Slim,,Polyester 58% Cotton 42%  ,,Regular,,Low,,,Elastic,,,,PANTS,SWEAT PANT,NOOS,9022873003,,,CORE by JACK & JONES
,,Shree,902287301,JPSTWILL FUSION SWEAT PANTS NOOS,"JPSTWILL FUSION S, Light Grey Melange, L",Light Grey Melange,AC,Grey Melange,#DCDCDC,Other  ,Large,L,,,8905944907311,INR,4499,Core,NOS,2026,Denmark,61034300,0.18,Immediate,Men,International,Clothing,Western_Wear,Bottom_Wear,Trousers,Casual,,,,Solid,Knit,Slim,,Polyester 58% Cotton 42%  ,,Regular,,Low,,,Elastic,,,,PANTS,SWEAT PANT,NOOS,9022873001,,,CORE by JACK & JONES
,,Shree,902287301,JPSTWILL FUSION SWEAT PANTS NOOS,"JPSTWILL FUSION, Light Grey Melange, XL",Light Grey Melange,AC,Grey Melange,#DCDCDC,Other  ,X-Large,XL,,,8905944907373,INR,4499,Core,NOS,2026,Denmark,61034300,0.18,Immediate,Men,International,Clothing,Western_Wear,Bottom_Wear,Trousers,Casual,,,,Solid,Knit,Slim,,Polyester 58% Cotton 42%  ,,Regular,,Low,,,Elastic,,,,PANTS,SWEAT PANT,NOOS,9022873007,,,CORE by JACK & JONES
,,Shree,902287301,JPSTWILL FUSION SWEAT PANTS NOOS,"JPSTWILL FUSION, Light Grey Melange, XXL",Light Grey Melange,AC,Grey Melange,#DCDCDC,Other  ,XX-Large,XXL,,,8905944907397,INR,4499,Core,NOS,2026,Denmark,61034300,0.18,Immediate,Men,International,Clothing,Western_Wear,Bottom_Wear,Trousers,Casual,,,,Solid,Knit,Slim,,Polyester 58% Cotton 42%  ,,Regular,,Low,,,Elastic,,,,PANTS,SWEAT PANT,NOOS,9022873009,,,CORE by JACK & JONES
,,Shree,902287302,JPSTWILL FUSION SWEAT PANTS NOOS,"JPSTWILL FUSION SWEAT PANTS NO, BLACK, S",Black,D,Black,#000000,Other  ,Small,S,,,8905944907366,INR,4499,Core,NOS,2026,Denmark,61034300,0.18,Immediate,Men,International,Clothing,Western_Wear,Bottom_Wear,Trousers,Casual,,,,Solid,Knit,Slim,,Polyester 58% Cotton 42%  ,,Regular,,Low,,,Elastic,,,,PANTS,SWEAT PANT,NOOS,9022873006,,,CORE by JACK & JONES
,,Shree,902287302,JPSTWILL FUSION SWEAT PANTS NOOS,"JPSTWILL FUSION SWEAT PANTS NO, BLACK, M",Black,D,Black,#000000,Other  ,Medium,M,,,8905944907342,INR,4499,Core,NOS,2026,Denmark,61034300,0.18,Immediate,Men,International,Clothing,Western_Wear,Bottom_Wear,Trousers,Casual,,,,Solid,Knit,Slim,,Polyester 58% Cotton 42%  ,,Regular,,Low,,,Elastic,,,,PANTS,SWEAT PANT,NOOS,9022873004,,,CORE by JACK & JONES
,,Shree,902287302,JPSTWILL FUSION SWEAT PANTS NOOS,"JPSTWILL FUSION SWEAT PANTS NO, BLACK, L",Black,D,Black,#000000,Other  ,Large,L,,,8905944907328,INR,4499,Core,NOS,2026,Denmark,61034300,0.18,Immediate,Men,International,Clothing,Western_Wear,Bottom_Wear,Trousers,Casual,,,,Solid,Knit,Slim,,Polyester 58% Cotton 42%  ,,Regular,,Low,,,Elastic,,,,PANTS,SWEAT PANT,NOOS,9022873002,,,CORE by JACK & JONES
,,Shree,902287302,JPSTWILL FUSION SWEAT PANTS NOOS,"JPSTWILL FUSION SWEAT PANTS N, BLACK, XL",Black,D,Black,#000000,Other  ,X-Large,XL,,,8905944907380,INR,4499,Core,NOS,2026,Denmark,61034300,0.18,Immediate,Men,International,Clothing,Western_Wear,Bottom_Wear,Trousers,Casual,,,,Solid,Knit,Slim,,Polyester 58% Cotton 42%  ,,Regular,,Low,,,Elastic,,,,PANTS,SWEAT PANT,NOOS,9022873008,,,CORE by JACK & JONES
,,Shree,902287302,JPSTWILL FUSION SWEAT PANTS NOOS,"JPSTWILL FUSION SWEAT PANTS, BLACK, XXL",Black,D,Black,#000000,Other  ,XX-Large,XXL,,,8905944907403,INR,4499,Core,NOS,2026,Denmark,61034300,0.18,Immediate,Men,International,Clothing,Western_Wear,Bottom_Wear,Trousers,Casual,,,,Solid,Knit,Slim,,Polyester 58% Cotton 42%  ,,Regular,,Low,,,Elastic,,,,PANTS,SWEAT PANT,NOOS,9022873010,,,CORE by JACK & JONES
,,Shree,902412401,JJEGINGHAM TWILL SHIRT L/S NOOS,"JJEGINGHAM TWILL SHIRT L, Dusty Olive, S",Dusty Olive,BA,Olive,#808000,Other  ,Small,S,,,8905944893942,INR,1999,Core,NOS,2026,Denmark,62052090,0.05,Immediate,Men,International,Clothing,Western_Wear,Top_Wear,Shirts,Casual,Half Sleeve,,Regular Collar,Checks,Woven,Slim,,Cotton BCI 100%   ,,Regular,,,,,,,,,SHIRTS,CASUAL,NOOS,9024124001,,CHECK,ORIGINALS by JACK & JONES
,,Shree,902412401,JJEGINGHAM TWILL SHIRT L/S NOOS,"JJEGINGHAM TWILL SHIRT L, Dusty Olive, M",Dusty Olive,BA,Olive,#808000,Other  ,Medium,M,,,8905944893980,INR,1999,Core,NOS,2026,Denmark,62052090,0.05,Immediate,Men,International,Clothing,Western_Wear,Top_Wear,Shirts,Casual,Half Sleeve,,Regular Collar,Checks,Woven,Slim,,Cotton BCI 100%   ,,Regular,,,,,,,,,SHIRTS,CASUAL,NOOS,9024124005,,CHECK,ORIGINALS by JACK & JONES
,,Shree,902412401,JJEGINGHAM TWILL SHIRT L/S NOOS,"JJEGINGHAM TWILL SHIRT L, Dusty Olive, L",Dusty Olive,BA,Olive,#808000,Other  ,Large,L,,,8905944894024,INR,1999,Core,NOS,2026,Denmark,62052090,0.05,Immediate,Men,International,Clothing,Western_Wear,Top_Wear,Shirts,Casual,Half Sleeve,,Regular Collar,Checks,Woven,Slim,,Cotton BCI 100%   ,,Regular,,,,,,,,,SHIRTS,CASUAL,NOOS,9024124009,,CHECK,ORIGINALS by JACK & JONES
,,Shree,902412401,JJEGINGHAM TWILL SHIRT L/S NOOS,"JJEGINGHAM TWILL SHIRT, Dusty Olive, XL",Dusty Olive,BA,Olive,#808000,Other  ,X-Large,XL,,,8905944894062,INR,1999,Core,NOS,2026,Denmark,62052090,0.05,Immediate,Men,International,Clothing,Western_Wear,Top_Wear,Shirts,Casual,Half Sleeve,,Regular Collar,Checks,Woven,Slim,,Cotton BCI 100%   ,,Regular,,,,,,,,,SHIRTS,CASUAL,NOOS,9024124013,,CHECK,ORIGINALS by JACK & JONES
,,Shree,902412401,JJEGINGHAM TWILL SHIRT L/S NOOS,"JJEGINGHAM TWILL SHIRT, Dusty Olive, XXL",Dusty Olive,BA,Olive,#808000,Other  ,XX-Large,XXL,,,8905944894109,INR,1999,Core,NOS,2026,Denmark,62052090,0.05,Immediate,Men,International,Clothing,Western_Wear,Top_Wear,Shirts,Casual,Half Sleeve,,Regular Collar,Checks,Woven,Slim,,Cotton BCI 100%   ,,Regular,,,,,,,,,SHIRTS,CASUAL,NOOS,9024124017,,CHECK,ORIGINALS by JACK & JONES
,,Shree,902412402,JJEGINGHAM TWILL SHIRT L/S NOOS,"JJEGINGHAM TWILL SHIRT L, Port Royale, S",Port Royale,AS,Maroon,#800000,Other  ,Small,S,,,8905944893959,INR,1999,Core,NOS,2026,Denmark,62052090,0.05,Immediate,Men,International,Clothing,Western_Wear,Top_Wear,Shirts,Casual,Half Sleeve,,Regular Collar,Checks,Woven,Slim,,Cotton BCI 100%   ,,Regular,,,,,,,,,SHIRTS,CASUAL,NOOS,9024124002,,CHECK,ORIGINALS by JACK & JONES
,,Shree,902412402,JJEGINGHAM TWILL SHIRT L/S NOOS,"JJEGINGHAM TWILL SHIRT L, Port Royale, M",Port Royale,AS,Maroon,#800000,Other  ,Medium,M,,,8905944893997,INR,1999,Core,NOS,2026,Denmark,62052090,0.05,Immediate,Men,International,Clothing,Western_Wear,Top_Wear,Shirts,Casual,Half Sleeve,,Regular Collar,Checks,Woven,Slim,,Cotton BCI 100%   ,,Regular,,,,,,,,,SHIRTS,CASUAL,NOOS,9024124006,,CHECK,ORIGINALS by JACK & JONES
,,Shree,902412402,JJEGINGHAM TWILL SHIRT L/S NOOS,"JJEGINGHAM TWILL SHIRT L, Port Royale, L",Port Royale,AS,Maroon,#800000,Other  ,Large,L,,,8905944894031,INR,1999,Core,NOS,2026,Denmark,62052090,0.05,Immediate,Men,International,Clothing,Western_Wear,Top_Wear,Shirts,Casual,Half Sleeve,,Regular Collar,Checks,Woven,Slim,,Cotton BCI 100%   ,,Regular,,,,,,,,,SHIRTS,CASUAL,NOOS,9024124010,,CHECK,ORIGINALS by JACK & JONES
,,Shree,902412402,JJEGINGHAM TWILL SHIRT L/S NOOS,"JJEGINGHAM TWILL SHIRT, Port Royale, XL",Port Royale,AS,Maroon,#800000,Other  ,X-Large,XL,,,8905944894079,INR,1999,Core,NOS,2026,Denmark,62052090,0.05,Immediate,Men,International,Clothing,Western_Wear,Top_Wear,Shirts,Casual,Half Sleeve,,Regular Collar,Checks,Woven,Slim,,Cotton BCI 100%   ,,Regular,,,,,,,,,SHIRTS,CASUAL,NOOS,9024124014,,CHECK,ORIGINALS by JACK & JONES
,,Shree,902412402,JJEGINGHAM TWILL SHIRT L/S NOOS,"JJEGINGHAM TWILL SHIRT, Port Royale, XXL",Port Royale,AS,Maroon,#800000,Other  ,XX-Large,XXL,,,8905944894116,INR,1999,Core,NOS,2026,Denmark,62052090,0.05,Immediate,Men,International,Clothing,Western_Wear,Top_Wear,Shirts,Casual,Half Sleeve,,Regular Collar,Checks,Woven,Slim,,Cotton BCI 100%   ,,Regular,,,,,,,,,SHIRTS,CASUAL,NOOS,9024124018,,CHECK,ORIGINALS by JACK & JONES
,,Shree,902412404,JJEGINGHAM TWILL SHIRT L/S NOOS,"JJEGINGHAM TWILL SHIRT, Whisper White, S",Whisper White,BQ,White,#FFFFFF,Other  ,Small,S,,,8905944893973,INR,1999,Core,NOS,2026,Denmark,62052090,0.05,Immediate,Men,International,Clothing,Western_Wear,Top_Wear,Shirts,Casual,Half Sleeve,,Regular Collar,Checks,Woven,Slim,,Cotton BCI 100%   ,,Regular,,,,,,,,,SHIRTS,CASUAL,NOOS,9024124004,,CHECK,ORIGINALS by JACK & JONES
,,Shree,902412404,JJEGINGHAM TWILL SHIRT L/S NOOS,"JJEGINGHAM TWILL SHIRT, Whisper White, M",Whisper White,BQ,White,#FFFFFF,Other  ,Medium,M,,,8905944894017,INR,1999,Core,NOS,2026,Denmark,62052090,0.05,Immediate,Men,International,Clothing,Western_Wear,Top_Wear,Shirts,Casual,Half Sleeve,,Regular Collar,Checks,Woven,Slim,,Cotton BCI 100%   ,,Regular,,,,,,,,,SHIRTS,CASUAL,NOOS,9024124008,,CHECK,ORIGINALS by JACK & JONES
,,Shree,902412404,JJEGINGHAM TWILL SHIRT L/S NOOS,"JJEGINGHAM TWILL SHIRT, Whisper White, L",Whisper White,BQ,White,#FFFFFF,Other  ,Large,L,,,8905944894055,INR,1999,Core,NOS,2026,Denmark,62052090,0.05,Immediate,Men,International,Clothing,Western_Wear,Top_Wear,Shirts,Casual,Half Sleeve,,Regular Collar,Checks,Woven,Slim,,Cotton BCI 100%   ,,Regular,,,,,,,,,SHIRTS,CASUAL,NOOS,9024124012,,CHECK,ORIGINALS by JACK & JONES
,,Shree,902412404,JJEGINGHAM TWILL SHIRT L/S NOOS,"JJEGINGHAM TWILL SHIR, Whisper White, XL",Whisper White,BQ,White,#FFFFFF,Other  ,X-Large,XL,,,8905944894093,INR,1999,Core,NOS,2026,Denmark,62052090,0.05,Immediate,Men,International,Clothing,Western_Wear,Top_Wear,Shirts,Casual,Half Sleeve,,Regular Collar,Checks,Woven,Slim,,Cotton BCI 100%   ,,Regular,,,,,,,,,SHIRTS,CASUAL,NOOS,9024124016,,CHECK,ORIGINALS by JACK & JONES
,,Shree,902412404,JJEGINGHAM TWILL SHIRT L/S NOOS,"JJEGINGHAM TWILL SHI, Whisper White, XXL",Whisper White,BQ,White,#FFFFFF,Other  ,XX-Large,XXL,,,8905944894130,INR,1999,Core,NOS,2026,Denmark,62052090,0.05,Immediate,Men,International,Clothing,Western_Wear,Top_Wear,Shirts,Casual,Half Sleeve,,Regular Collar,Checks,Woven,Slim,,Cotton BCI 100%   ,,Regular,,,,,,,,,SHIRTS,CASUAL,NOOS,9024124020,,CHECK,ORIGINALS by JACK & JONES
,,Shree,902266201,JJESHERIDAN SHIRT L/S NOOS,"JJESHERIDAN SHIRT L, Light Blue Denim, S",Light Blue Denim,AI,Light Blue,#add8e6,Other  ,Small,S,,,8905944902439,INR,2999,Core,NOS,2026,Denmark,62052090,0.18,Immediate,Men,International,Clothing,Western_Wear,Top_Wear,Shirts,Casual,Half Sleeve,,Regular Collar,Solid,Woven,Slim,,Cotton - Organic 100%   ,,Regular,,,,,,,,,SHIRTS,CASUAL,NOOS,9022662001,,2 PATCH POCKET WITH FLAP,JACK & JONES VINTAGE CLOTHING
,,Shree,902266201,JJESHERIDAN SHIRT L/S NOOS,"JJESHERIDAN SHIRT L, Light Blue Denim, M",Light Blue Denim,AI,Light Blue,#add8e6,Other  ,Medium,M,,,8905944902460,INR,2999,Core,NOS,2026,Denmark,62052090,0.18,Immediate,Men,International,Clothing,Western_Wear,Top_Wear,Shirts,Casual,Half Sleeve,,Regular Collar,Solid,Woven,Slim,,Cotton - Organic 100%   ,,Regular,,,,,,,,,SHIRTS,CASUAL,NOOS,9022662008,,2 PATCH POCKET WITH FLAP,JACK & JONES VINTAGE CLOTHING
,,Shree,902266201,JJESHERIDAN SHIRT L/S NOOS,"JJESHERIDAN SHIRT L, Light Blue Denim, L",Light Blue Denim,AI,Light Blue,#add8e6,Other  ,Large,L,,,8905944902491,INR,2999,Core,NOS,2026,Denmark,62052090,0.18,Immediate,Men,International,Clothing,Western_Wear,Top_Wear,Shirts,Casual,Half Sleeve,,Regular Collar,Solid,Woven,Slim,,Cotton - Organic 100%   ,,Regular,,,,,,,,,SHIRTS,CASUAL,NOOS,9022662015,,2 PATCH POCKET WITH FLAP,JACK & JONES VINTAGE CLOTHING
,,Shree,902266201,JJESHERIDAN SHIRT L/S NOOS,"JJESHERIDAN SHIRT, Light Blue Denim, XL",Light Blue Denim,AI,Light Blue,#add8e6,Other  ,X-Large,XL,,,8905944902521,INR,2999,Core,NOS,2026,Denmark,62052090,0.18,Immediate,Men,International,Clothing,Western_Wear,Top_Wear,Shirts,Casual,Half Sleeve,,Regular Collar,Solid,Woven,Slim,,Cotton - Organic 100%   ,,Regular,,,,,,,,,SHIRTS,CASUAL,NOOS,9022662022,,2 PATCH POCKET WITH FLAP,JACK & JONES VINTAGE CLOTHING
,,Shree,902266201,JJESHERIDAN SHIRT L/S NOOS,"JJESHERIDAN SHIRT, Light Blue Denim, XXL",Light Blue Denim,AI,Light Blue,#add8e6,Other  ,XX-Large,XXL,,,8905944902552,INR,2999,Core,NOS,2026,Denmark,62052090,0.18,Immediate,Men,International,Clothing,Western_Wear,Top_Wear,Shirts,Casual,Half Sleeve,,Regular Collar,Solid,Woven,Slim,,Cotton - Organic 100%   ,,Regular,,,,,,,,,SHIRTS,CASUAL,NOOS,9022662029,,2 PATCH POCKET WITH FLAP,JACK & JONES VINTAGE CLOTHING
,,Shree,902266204,JJESHERIDAN SHIRT L/S NOOS,"JJESHERIDAN SHIRT L/S NO, Black Denim, S",Black Denim,D,Black,#000000,Other  ,Small,S,,,8905944902446,INR,2999,Core,NOS,2026,Denmark,62052090,0.18,Immediate,Men,International,Clothing,Western_Wear,Top_Wear,Shirts,Casual,Half Sleeve,,Regular Collar,Solid,Woven,Slim,,Cotton - Organic 100%   ,,Regular,,,,,,,,,SHIRTS,CASUAL,NOOS,9022662004,,2 PATCH POCKET WITH FLAP,JACK & JONES VINTAGE CLOTHING
,,Shree,902266204,JJESHERIDAN SHIRT L/S NOOS,"JJESHERIDAN SHIRT L/S NO, Black Denim, M",Black Denim,D,Black,#000000,Other  ,Medium,M,,,8905944902477,INR,2999,Core,NOS,2026,Denmark,62052090,0.18,Immediate,Men,International,Clothing,Western_Wear,Top_Wear,Shirts,Casual,Half Sleeve,,Regular Collar,Solid,Woven,Slim,,Cotton - Organic 100%   ,,Regular,,,,,,,,,SHIRTS,CASUAL,NOOS,9022662011,,2 PATCH POCKET WITH FLAP,JACK & JONES VINTAGE CLOTHING
,,Shree,902266204,JJESHERIDAN SHIRT L/S NOOS,"JJESHERIDAN SHIRT L/S NO, Black Denim, L",Black Denim,D,Black,#000000,Other  ,Large,L,,,8905944902507,INR,2999,Core,NOS,2026,Denmark,62052090,0.18,Immediate,Men,International,Clothing,Western_Wear,Top_Wear,Shirts,Casual,Half Sleeve,,Regular Collar,Solid,Woven,Slim,,Cotton - Organic 100%   ,,Regular,,,,,,,,,SHIRTS,CASUAL,NOOS,9022662018,,2 PATCH POCKET WITH FLAP,JACK & JONES VINTAGE CLOTHING
,,Shree,902266204,JJESHERIDAN SHIRT L/S NOOS,"JJESHERIDAN SHIRT L/S N, Black Denim, XL",Black Denim,D,Black,#000000,Other  ,X-Large,XL,,,8905944902538,INR,2999,Core,NOS,2026,Denmark,62052090,0.18,Immediate,Men,International,Clothing,Western_Wear,Top_Wear,Shirts,Casual,Half Sleeve,,Regular Collar,Solid,Woven,Slim,,Cotton - Organic 100%   ,,Regular,,,,,,,,,SHIRTS,CASUAL,NOOS,9022662025,,2 PATCH POCKET WITH FLAP,JACK & JONES VINTAGE CLOTHING
,,Shree,902266204,JJESHERIDAN SHIRT L/S NOOS,"JJESHERIDAN SHIRT L/S, Black Denim, XXL",Black Denim,D,Black,#000000,Other  ,XX-Large,XXL,,,8905944902569,INR,2999,Core,NOS,2026,Denmark,62052090,0.18,Immediate,Men,International,Clothing,Western_Wear,Top_Wear,Shirts,Casual,Half Sleeve,,Regular Collar,Solid,Woven,Slim,,Cotton - Organic 100%   ,,Regular,,,,,,,,,SHIRTS,CASUAL,NOOS,9022662032,,2 PATCH POCKET WITH FLAP,JACK & JONES VINTAGE CLOTHING
,,Shree,902266205,JJESHERIDAN SHIRT L/S NOOS,"JJESHERIDAN SHIRT L/S NOOS, Crockery, S",Crockery,AJ,Light Brown,#964B00,Other  ,Small,S,,,8905944902453,INR,2999,Core,NOS,2026,Denmark,62052090,0.18,Immediate,Men,International,Clothing,Western_Wear,Top_Wear,Shirts,Casual,Half Sleeve,,Regular Collar,Solid,Woven,Slim,,Cotton - Organic 100%   ,,Regular,,,,,,,,,SHIRTS,CASUAL,NOOS,9022662005,,2 PATCH POCKET WITH FLAP,JACK & JONES VINTAGE CLOTHING
,,Shree,902266205,JJESHERIDAN SHIRT L/S NOOS,"JJESHERIDAN SHIRT L/S NOOS, Crockery, M",Crockery,AJ,Light Brown,#964B00,Other  ,Medium,M,,,8905944902484,INR,2999,Core,NOS,2026,Denmark,62052090,0.18,Immediate,Men,International,Clothing,Western_Wear,Top_Wear,Shirts,Casual,Half Sleeve,,Regular Collar,Solid,Woven,Slim,,Cotton - Organic 100%   ,,Regular,,,,,,,,,SHIRTS,CASUAL,NOOS,9022662012,,2 PATCH POCKET WITH FLAP,JACK & JONES VINTAGE CLOTHING
,,Shree,902266205,JJESHERIDAN SHIRT L/S NOOS,"JJESHERIDAN SHIRT L/S NOOS, Crockery, L",Crockery,AJ,Light Brown,#964B00,Other  ,Large,L,,,8905944902514,INR,2999,Core,NOS,2026,Denmark,62052090,0.18,Immediate,Men,International,Clothing,Western_Wear,Top_Wear,Shirts,Casual,Half Sleeve,,Regular Collar,Solid,Woven,Slim,,Cotton - Organic 100%   ,,Regular,,,,,,,,,SHIRTS,CASUAL,NOOS,9022662019,,2 PATCH POCKET WITH FLAP,JACK & JONES VINTAGE CLOTHING
,,Shree,902266205,JJESHERIDAN SHIRT L/S NOOS,"JJESHERIDAN SHIRT L/S NOOS, Crockery, XL",Crockery,AJ,Light Brown,#964B00,Other  ,X-Large,XL,,,8905944902545,INR,2999,Core,NOS,2026,Denmark,62052090,0.18,Immediate,Men,International,Clothing,Western_Wear,Top_Wear,Shirts,Casual,Half Sleeve,,Regular Collar,Solid,Woven,Slim,,Cotton - Organic 100%   ,,Regular,,,,,,,,,SHIRTS,CASUAL,NOOS,9022662026,,2 PATCH POCKET WITH FLAP,JACK & JONES VINTAGE CLOTHING
,,Shree,902266205,JJESHERIDAN SHIRT L/S NOOS,"JJESHERIDAN SHIRT L/S NOO, Crockery, XXL",Crockery,AJ,Light Brown,#964B00,Other  ,XX-Large,XXL,,,8905944902576,INR,2999,Core,NOS,2026,Denmark,62052090,0.18,Immediate,Men,International,Clothing,Western_Wear,Top_Wear,Shirts,Casual,Half Sleeve,,Regular Collar,Solid,Woven,Slim,,Cotton - Organic 100%   ,,Regular,,,,,,,,,SHIRTS,CASUAL,NOOS,9022662033,,2 PATCH POCKET WITH FLAP,JACK & JONES VINTAGE CLOTHING
,,Shree,902266206,JJESHERIDAN SHIRT L/S NOOS,"JJESHERIDAN SHIRT L/S N, Forest Night, S",Forest Night,BA,Olive,#808000,Other  ,Small,S,,,8905944902583,INR,2999,Core,NOS,2026,Denmark,62052090,0.18,Immediate,Men,International,Clothing,Western_Wear,Top_Wear,Shirts,Casual,Half Sleeve,,Regular Collar,Solid,Woven,Slim,,Cotton - Organic 100%   ,,Regular,,,,,,,,,SHIRTS,CASUAL,NOOS,9022662006,,2 PATCH POCKET WITH FLAP,JACK & JONES VINTAGE CLOTHING
,,Shree,902266206,JJESHERIDAN SHIRT L/S NOOS,"JJESHERIDAN SHIRT L/S N, Forest Night, M",Forest Night,BA,Olive,#808000,Other  ,Medium,M,,,8905944902590,INR,2999,Core,NOS,2026,Denmark,62052090,0.18,Immediate,Men,International,Clothing,Western_Wear,Top_Wear,Shirts,Casual,Half Sleeve,,Regular Collar,Solid,Woven,Slim,,Cotton - Organic 100%   ,,Regular,,,,,,,,,SHIRTS,CASUAL,NOOS,9022662013,,2 PATCH POCKET WITH FLAP,JACK & JONES VINTAGE CLOTHING
,,Shree,902266206,JJESHERIDAN SHIRT L/S NOOS,"JJESHERIDAN SHIRT L/S N, Forest Night, L",Forest Night,BA,Olive,#808000,Other  ,Large,L,,,8905944902606,INR,2999,Core,NOS,2026,Denmark,62052090,0.18,Immediate,Men,International,Clothing,Western_Wear,Top_Wear,Shirts,Casual,Half Sleeve,,Regular Collar,Solid,Woven,Slim,,Cotton - Organic 100%   ,,Regular,,,,,,,,,SHIRTS,CASUAL,NOOS,9022662020,,2 PATCH POCKET WITH FLAP,JACK & JONES VINTAGE CLOTHING
,,Shree,902266206,JJESHERIDAN SHIRT L/S NOOS,"JJESHERIDAN SHIRT L/S, Forest Night, XL",Forest Night,BA,Olive,#808000,Other  ,X-Large,XL,,,8905944902613,INR,2999,Core,NOS,2026,Denmark,62052090,0.18,Immediate,Men,International,Clothing,Western_Wear,Top_Wear,Shirts,Casual,Half Sleeve,,Regular Collar,Solid,Woven,Slim,,Cotton - Organic 100%   ,,Regular,,,,,,,,,SHIRTS,CASUAL,NOOS,9022662027,,2 PATCH POCKET WITH FLAP,JACK & JONES VINTAGE CLOTHING
,,Shree,902266206,JJESHERIDAN SHIRT L/S NOOS,"JJESHERIDAN SHIRT L/S, Forest Night, XXL",Forest Night,BA,Olive,#808000,Other  ,XX-Large,XXL,,,8905944902620,INR,2999,Core,NOS,2026,Denmark,62052090,0.18,Immediate,Men,International,Clothing,Western_Wear,Top_Wear,Shirts,Casual,Half Sleeve,,Regular Collar,Solid,Woven,Slim,,Cotton - Organic 100%   ,,Regular,,,,,,,,,SHIRTS,CASUAL,NOOS,9022662034,,2 PATCH POCKET WITH FLAP,JACK & JONES VINTAGE CLOTHING
,,Shree,902412501,JJEOXFORD SHIRT LS NOOS,"JJEOXFORD SHIRT LS NOOS, Navy Blazer, S",Navy Blazer,AX,Navy Blue,#000080,Other  ,Small,S,,,8905944894154,INR,2499,Core,NOS,2026,Denmark,62052090,0.05,Immediate,Men,International,Clothing,Western_Wear,Top_Wear,Shirts,Casual,Half Sleeve,,Botton-Down Collar,Solid,Woven,Slim,,Cotton BCI 100%   ,,Regular,,,,,,,,,SHIRTS,CASUAL,NOOS,9024125001,,OXFORD WEAVE,ORIGINALS by JACK & JONES
,,Shree,902412501,JJEOXFORD SHIRT LS NOOS,"JJEOXFORD SHIRT LS NOOS, Navy Blazer, M",Navy Blazer,AX,Navy Blue,#000080,Other  ,Medium,M,,,8905944894178,INR,2499,Core,NOS,2026,Denmark,62052090,0.05,Immediate,Men,International,Clothing,Western_Wear,Top_Wear,Shirts,Casual,Half Sleeve,,Botton-Down Collar,Solid,Woven,Slim,,Cotton BCI 100%   ,,Regular,,,,,,,,,SHIRTS,CASUAL,NOOS,9024125003,,OXFORD WEAVE,ORIGINALS by JACK & JONES
,,Shree,902412501,JJEOXFORD SHIRT LS NOOS,"JJEOXFORD SHIRT LS NOOS, Navy Blazer, L",Navy Blazer,AX,Navy Blue,#000080,Other  ,Large,L,,,8905944894192,INR,2499,Core,NOS,2026,Denmark,62052090,0.05,Immediate,Men,International,Clothing,Western_Wear,Top_Wear,Shirts,Casual,Half Sleeve,,Botton-Down Collar,Solid,Woven,Slim,,Cotton BCI 100%   ,,Regular,,,,,,,,,SHIRTS,CASUAL,NOOS,9024125005,,OXFORD WEAVE,ORIGINALS by JACK & JONES
,,Shree,902412501,JJEOXFORD SHIRT LS NOOS,"JJEOXFORD SHIRT LS NOOS, Navy Blazer, XL",Navy Blazer,AX,Navy Blue,#000080,Other  ,X-Large,XL,,,8905944894215,INR,2499,Core,NOS,2026,Denmark,62052090,0.05,Immediate,Men,International,Clothing,Western_Wear,Top_Wear,Shirts,Casual,Half Sleeve,,Botton-Down Collar,Solid,Woven,Slim,,Cotton BCI 100%   ,,Regular,,,,,,,,,SHIRTS,CASUAL,NOOS,9024125007,,OXFORD WEAVE,ORIGINALS by JACK & JONES
,,Shree,902412501,JJEOXFORD SHIRT LS NOOS,"JJEOXFORD SHIRT LS NOO, Navy Blazer, XXL",Navy Blazer,AX,Navy Blue,#000080,Other  ,XX-Large,XXL,,,8905944894239,INR,2499,Core,NOS,2026,Denmark,62052090,0.05,Immediate,Men,International,Clothing,Western_Wear,Top_Wear,Shirts,Casual,Half Sleeve,,Botton-Down Collar,Solid,Woven,Slim,,Cotton BCI 100%   ,,Regular,,,,,,,,,SHIRTS,CASUAL,NOOS,9024125009,,OXFORD WEAVE,ORIGINALS by JACK & JONES
,,Shree,902412502,JJEOXFORD SHIRT LS NOOS,"JJEOXFORD SHIRT LS NOO, Cashmere Blue, S",Cashmere Blue,E,Blue,#0000FF,Other  ,Small,S,,,8905944894161,INR,2499,Core,NOS,2026,Denmark,62052090,0.05,Immediate,Men,International,Clothing,Western_Wear,Top_Wear,Shirts,Casual,Half Sleeve,,Botton-Down Collar,Solid,Woven,Slim,,Cotton BCI 100%   ,,Regular,,,,,,,,,SHIRTS,CASUAL,NOOS,9024125002,,OXFORD WEAVE,ORIGINALS by JACK & JONES
,,Shree,902412502,JJEOXFORD SHIRT LS NOOS,"JJEOXFORD SHIRT LS NOO, Cashmere Blue, M",Cashmere Blue,E,Blue,#0000FF,Other  ,Medium,M,,,8905944894185,INR,2499,Core,NOS,2026,Denmark,62052090,0.05,Immediate,Men,International,Clothing,Western_Wear,Top_Wear,Shirts,Casual,Half Sleeve,,Botton-Down Collar,Solid,Woven,Slim,,Cotton BCI 100%   ,,Regular,,,,,,,,,SHIRTS,CASUAL,NOOS,9024125004,,OXFORD WEAVE,ORIGINALS by JACK & JONES
,,Shree,902412502,JJEOXFORD SHIRT LS NOOS,"JJEOXFORD SHIRT LS NOO, Cashmere Blue, L",Cashmere Blue,E,Blue,#0000FF,Other  ,Large,L,,,8905944894208,INR,2499,Core,NOS,2026,Denmark,62052090,0.05,Immediate,Men,International,Clothing,Western_Wear,Top_Wear,Shirts,Casual,Half Sleeve,,Botton-Down Collar,Solid,Woven,Slim,,Cotton BCI 100%   ,,Regular,,,,,,,,,SHIRTS,CASUAL,NOOS,9024125006,,OXFORD WEAVE,ORIGINALS by JACK & JONES
,,Shree,902412502,JJEOXFORD SHIRT LS NOOS,"JJEOXFORD SHIRT LS NO, Cashmere Blue, XL",Cashmere Blue,E,Blue,#0000FF,Other  ,X-Large,XL,,,8905944894222,INR,2499,Core,NOS,2026,Denmark,62052090,0.05,Immediate,Men,International,Clothing,Western_Wear,Top_Wear,Shirts,Casual,Half Sleeve,,Botton-Down Collar,Solid,Woven,Slim,,Cotton BCI 100%   ,,Regular,,,,,,,,,SHIRTS,CASUAL,NOOS,9024125008,,OXFORD WEAVE,ORIGINALS by JACK & JONES
,,Shree,902412502,JJEOXFORD SHIRT LS NOOS,"JJEOXFORD SHIRT LS N, Cashmere Blue, XXL",Cashmere Blue,E,Blue,#0000FF,Other  ,XX-Large,XXL,,,8905944894246,INR,2499,Core,NOS,2026,Denmark,62052090,0.05,Immediate,Men,International,Clothing,Western_Wear,Top_Wear,Shirts,Casual,Half Sleeve,,Botton-Down Collar,Solid,Woven,Slim,,Cotton BCI 100%   ,,Regular,,,,,,,,,SHIRTS,CASUAL,NOOS,9024125010,,OXFORD WEAVE,ORIGINALS by JACK & JONES
,,Shree,902412601,JJEOXFORD SHIRT LS NOOS,"JJEOXFORD SHIRT LS NOOS, Crockery, S",Crockery,AJ,Light Brown,#964B00,Other  ,Small,S,,,8905944894260,INR,2499,Core,NOS,2026,Denmark,62052090,0.05,Immediate,Men,International,Clothing,Western_Wear,Top_Wear,Shirts,Casual,Half Sleeve,,Botton-Down Collar,Stripes,Woven,Slim,,Cotton BCI 100%   ,,Regular,,,,,,,,,SHIRTS,CASUAL,NOOS,9024126001,,OXFORD WEAVE,ORIGINALS by JACK & JONES
,,Shree,902412601,JJEOXFORD SHIRT LS NOOS,"JJEOXFORD SHIRT LS NOOS, Crockery, M",Crockery,AJ,Light Brown,#964B00,Other  ,Medium,M,,,8905944894277,INR,2499,Core,NOS,2026,Denmark,62052090,0.05,Immediate,Men,International,Clothing,Western_Wear,Top_Wear,Shirts,Casual,Half Sleeve,,Botton-Down Collar,Stripes,Woven,Slim,,Cotton BCI 100%   ,,Regular,,,,,,,,,SHIRTS,CASUAL,NOOS,9024126002,,OXFORD WEAVE,ORIGINALS by JACK & JONES
,,Shree,902412601,JJEOXFORD SHIRT LS NOOS,"JJEOXFORD SHIRT LS NOOS, Crockery, L",Crockery,AJ,Light Brown,#964B00,Other  ,Large,L,,,8905944894284,INR,2499,Core,NOS,2026,Denmark,62052090,0.05,Immediate,Men,International,Clothing,Western_Wear,Top_Wear,Shirts,Casual,Half Sleeve,,Botton-Down Collar,Stripes,Woven,Slim,,Cotton BCI 100%   ,,Regular,,,,,,,,,SHIRTS,CASUAL,NOOS,9024126003,,OXFORD WEAVE,ORIGINALS by JACK & JONES
,,Shree,902412601,JJEOXFORD SHIRT LS NOOS,"JJEOXFORD SHIRT LS NOOS, Crockery, XL",Crockery,AJ,Light Brown,#964B00,Other  ,X-Large,XL,,,8905944894291,INR,2499,Core,NOS,2026,Denmark,62052090,0.05,Immediate,Men,International,Clothing,Western_Wear,Top_Wear,Shirts,Casual,Half Sleeve,,Botton-Down Collar,Stripes,Woven,Slim,,Cotton BCI 100%   ,,Regular,,,,,,,,,SHIRTS,CASUAL,NOOS,9024126004,,OXFORD WEAVE,ORIGINALS by JACK & JONES
,,Shree,902412601,JJEOXFORD SHIRT LS NOOS,"JJEOXFORD SHIRT LS NOOS, Crockery, XXL",Crockery,AJ,Light Brown,#964B00,Other  ,XX-Large,XXL,,,8905944894307,INR,2499,Core,NOS,2026,Denmark,62052090,0.05,Immediate,Men,International,Clothing,Western_Wear,Top_Wear,Shirts,Casual,Half Sleeve,,Botton-Down Collar,Stripes,Woven,Slim,,Cotton BCI 100%   ,,Regular,,,,,,,,,SHIRTS,CASUAL,NOOS,9024126005,,OXFORD WEAVE,ORIGINALS by JACK & JONES
,,Shree,902413901,JJEOXFORD SHIRT LS NOOS,"JJEOXFORD SHIRT LS NOOS, Ensign Blue, S",Ensign Blue,E,Blue,#0000FF,Other  ,Small,S,,,8905944894482,INR,2499,Core,NOS,2026,Denmark,62052090,0.05,Immediate,Men,International,Clothing,Western_Wear,Top_Wear,Shirts,Casual,Half Sleeve,,Botton-Down Collar,Solid,Woven,Slim,,Cotton BCI 100%   ,,Regular,,,,,,,,,SHIRTS,CASUAL,NOOS,9024139001,,OXFORD WEAVE,ORIGINALS by JACK & JONES
,,Shree,902413901,JJEOXFORD SHIRT LS NOOS,"JJEOXFORD SHIRT LS NOOS, Ensign Blue, M",Ensign Blue,E,Blue,#0000FF,Other  ,Medium,M,,,8905944894499,INR,2499,Core,NOS,2026,Denmark,62052090,0.05,Immediate,Men,International,Clothing,Western_Wear,Top_Wear,Shirts,Casual,Half Sleeve,,Botton-Down Collar,Solid,Woven,Slim,,Cotton BCI 100%   ,,Regular,,,,,,,,,SHIRTS,CASUAL,NOOS,9024139002,,OXFORD WEAVE,ORIGINALS by JACK & JONES
,,Shree,902413901,JJEOXFORD SHIRT LS NOOS,"JJEOXFORD SHIRT LS NOOS, Ensign Blue, L",Ensign Blue,E,Blue,#0000FF,Other  ,Large,L,,,8905944894505,INR,2499,Core,NOS,2026,Denmark,62052090,0.05,Immediate,Men,International,Clothing,Western_Wear,Top_Wear,Shirts,Casual,Half Sleeve,,Botton-Down Collar,Solid,Woven,Slim,,Cotton BCI 100%   ,,Regular,,,,,,,,,SHIRTS,CASUAL,NOOS,9024139003,,OXFORD WEAVE,ORIGINALS by JACK & JONES
,,Shree,902413901,JJEOXFORD SHIRT LS NOOS,"JJEOXFORD SHIRT LS NOOS, Ensign Blue, XL",Ensign Blue,E,Blue,#0000FF,Other  ,X-Large,XL,,,8905944894512,INR,2499,Core,NOS,2026,Denmark,62052090,0.05,Immediate,Men,International,Clothing,Western_Wear,Top_Wear,Shirts,Casual,Half Sleeve,,Botton-Down Collar,Solid,Woven,Slim,,Cotton BCI 100%   ,,Regular,,,,,,,,,SHIRTS,CASUAL,NOOS,9024139004,,OXFORD WEAVE,ORIGINALS by JACK & JONES
,,Shree,902413901,JJEOXFORD SHIRT LS NOOS,"JJEOXFORD SHIRT LS NOO, Ensign Blue, XXL",Ensign Blue,E,Blue,#0000FF,Other  ,XX-Large,XXL,,,8905944894529,INR,2499,Core,NOS,2026,Denmark,62052090,0.05,Immediate,Men,International,Clothing,Western_Wear,Top_Wear,Shirts,Casual,Half Sleeve,,Botton-Down Collar,Solid,Woven,Slim,,Cotton BCI 100%   ,,Regular,,,,,,,,,SHIRTS,CASUAL,NOOS,9024139005,,OXFORD WEAVE,ORIGINALS by JACK & JONES
,,Shree,902435801,JJEOXFORD SHIRT LS NOOS,"JJEOXFORD SHIRT LS NOOS, White, S",White,BQ,White,#FFFFFF,Other  ,Small,S,,,8905944906444,INR,2499,Core,NOS,2026,Denmark,62052090,0.05,Immediate,Men,International,Clothing,Western_Wear,Top_Wear,Shirts,Casual,Half Sleeve,,Botton-Down Collar,Solid,Woven,Slim,,Cotton - Organic 100%   ,,Regular,,,,,,,,,SHIRTS,CASUAL,NOOS,9024358001,,OXFORD WEAVE,ORIGINALS by JACK & JONES
,,Shree,902435801,JJEOXFORD SHIRT LS NOOS,"JJEOXFORD SHIRT LS NOOS, White, M",White,BQ,White,#FFFFFF,Other  ,Medium,M,,,8905944906468,INR,2499,Core,NOS,2026,Denmark,62052090,0.05,Immediate,Men,International,Clothing,Western_Wear,Top_Wear,Shirts,Casual,Half Sleeve,,Botton-Down Collar,Solid,Woven,Slim,,Cotton - Organic 100%   ,,Regular,,,,,,,,,SHIRTS,CASUAL,NOOS,9024358003,,OXFORD WEAVE,ORIGINALS by JACK & JONES
,,Shree,902435801,JJEOXFORD SHIRT LS NOOS,"JJEOXFORD SHIRT LS NOOS, White, L",White,BQ,White,#FFFFFF,Other  ,Large,L,,,8905944906482,INR,2499,Core,NOS,2026,Denmark,62052090,0.05,Immediate,Men,International,Clothing,Western_Wear,Top_Wear,Shirts,Casual,Half Sleeve,,Botton-Down Collar,Solid,Woven,Slim,,Cotton - Organic 100%   ,,Regular,,,,,,,,,SHIRTS,CASUAL,NOOS,9024358005,,OXFORD WEAVE,ORIGINALS by JACK & JONES
,,Shree,902435801,JJEOXFORD SHIRT LS NOOS,"JJEOXFORD SHIRT LS NOOS, White, XL",White,BQ,White,#FFFFFF,Other  ,X-Large,XL,,,8905944906505,INR,2499,Core,NOS,2026,Denmark,62052090,0.05,Immediate,Men,International,Clothing,Western_Wear,Top_Wear,Shirts,Casual,Half Sleeve,,Botton-Down Collar,Solid,Woven,Slim,,Cotton - Organic 100%   ,,Regular,,,,,,,,,SHIRTS,CASUAL,NOOS,9024358007,,OXFORD WEAVE,ORIGINALS by JACK & JONES
,,Shree,902435801,JJEOXFORD SHIRT LS NOOS,"JJEOXFORD SHIRT LS NOOS, White, XXL",White,BQ,White,#FFFFFF,Other  ,XX-Large,XXL,,,8905944906529,INR,2499,Core,NOS,2026,Denmark,62052090,0.05,Immediate,Men,International,Clothing,Western_Wear,Top_Wear,Shirts,Casual,Half Sleeve,,Botton-Down Collar,Solid,Woven,Slim,,Cotton - Organic 100%   ,,Regular,,,,,,,,,SHIRTS,CASUAL,NOOS,9024358009,,OXFORD WEAVE,ORIGINALS by JACK & JONES
,,Shree,902412701,JPRBLACARDIFF SHIRT L/S NOOS,"JPRBLACARDIFF SHIRT L/S NOOS, White, S",White,BQ,White,#FFFFFF,Other  ,Small,S,,,8905944894321,INR,2499,Core,NOS,2026,Denmark,62052090,0.05,Immediate,Men,International,Clothing,Western_Wear,Top_Wear,Shirts,Casual,Half Sleeve,,Regular Collar,Solid,Woven,Slim,,Cotton BCI 100%   ,,Regular,,,,,,,,,SHIRTS,CASUAL,NOOS,9024127001,,Plain Weave Solid Shirt,ORIGINALS by JACK & JONES
,,Shree,902412701,JPRBLACARDIFF SHIRT L/S NOOS,"JPRBLACARDIFF SHIRT L/S NOOS, White, M",White,BQ,White,#FFFFFF,Other  ,Medium,M,,,8905944894352,INR,2499,Core,NOS,2026,Denmark,62052090,0.05,Immediate,Men,International,Clothing,Western_Wear,Top_Wear,Shirts,Casual,Half Sleeve,,Regular Collar,Solid,Woven,Slim,,Cotton BCI 100%   ,,Regular,,,,,,,,,SHIRTS,CASUAL,NOOS,9024127004,,Plain Weave Solid Shirt,ORIGINALS by JACK & JONES
,,Shree,902412701,JPRBLACARDIFF SHIRT L/S NOOS,"JPRBLACARDIFF SHIRT L/S NOOS, White, L",White,BQ,White,#FFFFFF,Other  ,Large,L,,,8905944894383,INR,2499,Core,NOS,2026,Denmark,62052090,0.05,Immediate,Men,International,Clothing,Western_Wear,Top_Wear,Shirts,Casual,Half Sleeve,,Regular Collar,Solid,Woven,Slim,,Cotton BCI 100%   ,,Regular,,,,,,,,,SHIRTS,CASUAL,NOOS,9024127007,,Plain Weave Solid Shirt,ORIGINALS by JACK & JONES
,,Shree,902412701,JPRBLACARDIFF SHIRT L/S NOOS,"JPRBLACARDIFF SHIRT L/S NOOS, White, XL",White,BQ,White,#FFFFFF,Other  ,X-Large,XL,,,8905944894413,INR,2499,Core,NOS,2026,Denmark,62052090,0.05,Immediate,Men,International,Clothing,Western_Wear,Top_Wear,Shirts,Casual,Half Sleeve,,Regular Collar,Solid,Woven,Slim,,Cotton BCI 100%   ,,Regular,,,,,,,,,SHIRTS,CASUAL,NOOS,9024127010,,Plain Weave Solid Shirt,ORIGINALS by JACK & JONES
,,Shree,902412701,JPRBLACARDIFF SHIRT L/S NOOS,"JPRBLACARDIFF SHIRT L/S NOOS, White, XXL",White,BQ,White,#FFFFFF,Other  ,XX-Large,XXL,,,8905944894444,INR,2499,Core,NOS,2026,Denmark,62052090,0.05,Immediate,Men,International,Clothing,Western_Wear,Top_Wear,Shirts,Casual,Half Sleeve,,Regular Collar,Solid,Woven,Slim,,Cotton BCI 100%   ,,Regular,,,,,,,,,SHIRTS,CASUAL,NOOS,9024127013,,Plain Weave Solid Shirt,ORIGINALS by JACK & JONES
,,Shree,902412702,JPRBLACARDIFF SHIRT L/S NOOS,"JPRBLACARDIFF SHIRT L/S, Navy Blazer, S",Navy Blazer,AX,Navy Blue,#000080,Other  ,Small,S,,,8905944894338,INR,2499,Core,NOS,2026,Denmark,62052090,0.05,Immediate,Men,International,Clothing,Western_Wear,Top_Wear,Shirts,Casual,Half Sleeve,,Regular Collar,Solid,Woven,Slim,,Cotton BCI 100%   ,,Regular,,,,,,,,,SHIRTS,CASUAL,NOOS,9024127002,,Plain Weave Solid Shirt,ORIGINALS by JACK & JONES
,,Shree,902412702,JPRBLACARDIFF SHIRT L/S NOOS,"JPRBLACARDIFF SHIRT L/S, Navy Blazer, M",Navy Blazer,AX,Navy Blue,#000080,Other  ,Medium,M,,,8905944894369,INR,2499,Core,NOS,2026,Denmark,62052090,0.05,Immediate,Men,International,Clothing,Western_Wear,Top_Wear,Shirts,Casual,Half Sleeve,,Regular Collar,Solid,Woven,Slim,,Cotton BCI 100%   ,,Regular,,,,,,,,,SHIRTS,CASUAL,NOOS,9024127005,,Plain Weave Solid Shirt,ORIGINALS by JACK & JONES
,,Shree,902412702,JPRBLACARDIFF SHIRT L/S NOOS,"JPRBLACARDIFF SHIRT L/S, Navy Blazer, L",Navy Blazer,AX,Navy Blue,#000080,Other  ,Large,L,,,8905944894390,INR,2499,Core,NOS,2026,Denmark,62052090,0.05,Immediate,Men,International,Clothing,Western_Wear,Top_Wear,Shirts,Casual,Half Sleeve,,Regular Collar,Solid,Woven,Slim,,Cotton BCI 100%   ,,Regular,,,,,,,,,SHIRTS,CASUAL,NOOS,9024127008,,Plain Weave Solid Shirt,ORIGINALS by JACK & JONES
,,Shree,902412702,JPRBLACARDIFF SHIRT L/S NOOS,"JPRBLACARDIFF SHIRT L/S, Navy Blazer, XL",Navy Blazer,AX,Navy Blue,#000080,Other  ,X-Large,XL,,,8905944894420,INR,2499,Core,NOS,2026,Denmark,62052090,0.05,Immediate,Men,International,Clothing,Western_Wear,Top_Wear,Shirts,Casual,Half Sleeve,,Regular Collar,Solid,Woven,Slim,,Cotton BCI 100%   ,,Regular,,,,,,,,,SHIRTS,CASUAL,NOOS,9024127011,,Plain Weave Solid Shirt,ORIGINALS by JACK & JONES
,,Shree,902412702,JPRBLACARDIFF SHIRT L/S NOOS,"JPRBLACARDIFF SHIRT L/, Navy Blazer, XXL",Navy Blazer,AX,Navy Blue,#000080,Other  ,XX-Large,XXL,,,8905944894451,INR,2499,Core,NOS,2026,Denmark,62052090,0.05,Immediate,Men,International,Clothing,Western_Wear,Top_Wear,Shirts,Casual,Half Sleeve,,Regular Collar,Solid,Woven,Slim,,Cotton BCI 100%   ,,Regular,,,,,,,,,SHIRTS,CASUAL,NOOS,9024127014,,Plain Weave Solid Shirt,ORIGINALS by JACK & JONES
,,Shree,902412703,JPRBLACARDIFF SHIRT L/S NOOS,"JPRBLACARDIFF SHIRT L/S NOOS, BLACK, S",Black,D,Black,#000000,Other  ,Small,S,,,8905944894345,INR,2499,Core,NOS,2026,Denmark,62052090,0.05,Immediate,Men,International,Clothing,Western_Wear,Top_Wear,Shirts,Casual,Half Sleeve,,Regular Collar,Solid,Woven,Slim,,Cotton BCI 100%   ,,Regular,,,,,,,,,SHIRTS,CASUAL,NOOS,9024127003,,Plain Weave Solid Shirt,ORIGINALS by JACK & JONES
,,Shree,902412703,JPRBLACARDIFF SHIRT L/S NOOS,"JPRBLACARDIFF SHIRT L/S NOOS, BLACK, M",Black,D,Black,#000000,Other  ,Medium,M,,,8905944894376,INR,2499,Core,NOS,2026,Denmark,62052090,0.05,Immediate,Men,International,Clothing,Western_Wear,Top_Wear,Shirts,Casual,Half Sleeve,,Regular Collar,Solid,Woven,Slim,,Cotton BCI 100%   ,,Regular,,,,,,,,,SHIRTS,CASUAL,NOOS,9024127006,,Plain Weave Solid Shirt,ORIGINALS by JACK & JONES
,,Shree,902412703,JPRBLACARDIFF SHIRT L/S NOOS,"JPRBLACARDIFF SHIRT L/S NOOS, BLACK, L",Black,D,Black,#000000,Other  ,Large,L,,,8905944894406,INR,2499,Core,NOS,2026,Denmark,62052090,0.05,Immediate,Men,International,Clothing,Western_Wear,Top_Wear,Shirts,Casual,Half Sleeve,,Regular Collar,Solid,Woven,Slim,,Cotton BCI 100%   ,,Regular,,,,,,,,,SHIRTS,CASUAL,NOOS,9024127009,,Plain Weave Solid Shirt,ORIGINALS by JACK & JONES
,,Shree,902412703,JPRBLACARDIFF SHIRT L/S NOOS,"JPRBLACARDIFF SHIRT L/S NOOS, BLACK, XL",Black,D,Black,#000000,Other  ,X-Large,XL,,,8905944894437,INR,2499,Core,NOS,2026,Denmark,62052090,0.05,Immediate,Men,International,Clothing,Western_Wear,Top_Wear,Shirts,Casual,Half Sleeve,,Regular Collar,Solid,Woven,Slim,,Cotton BCI 100%   ,,Regular,,,,,,,,,SHIRTS,CASUAL,NOOS,9024127012,,Plain Weave Solid Shirt,ORIGINALS by JACK & JONES
,,Shree,902412703,JPRBLACARDIFF SHIRT L/S NOOS,"JPRBLACARDIFF SHIRT L/S NOOS, BLACK, XXL",Black,D,Black,#000000,Other  ,XX-Large,XXL,,,8905944894468,INR,2499,Core,NOS,2026,Denmark,62052090,0.05,Immediate,Men,International,Clothing,Western_Wear,Top_Wear,Shirts,Casual,Half Sleeve,,Regular Collar,Solid,Woven,Slim,,Cotton BCI 100%   ,,Regular,,,,,,,,,SHIRTS,CASUAL,NOOS,9024127015,,Plain Weave Solid Shirt,ORIGINALS by JACK & JONES
,,Shree,902194602,JJPR MARCUS POPLIN SHIRT LS,"JJPR MARCUS POPLIN SHIRT L, Jet Black, S",Jet Black,D,Black,#000000,Other  ,Small,S,,,8905944816507,INR,3299,Core,NOS,2026,India,62052090,0.18,Immediate,Men,International,Clothing,Western_Wear,Top_Wear,Shirts,Casual,Half Sleeve,,Cutaway Collar,Solid,Woven,Slim,,Cotton 96% Spandex 4%  ,,Regular,,,,,,,,,SHIRTS,FORMAL,NOOS,9021946002,,STRETCH,PREMIUM by JACK & JONES
,,Shree,902194602,JJPR MARCUS POPLIN SHIRT LS,"JJPR MARCUS POPLIN SHIRT L, Jet Black, M",Jet Black,D,Black,#000000,Other  ,Medium,M,,,8905944816545,INR,3299,Core,NOS,2026,India,62052090,0.18,Immediate,Men,International,Clothing,Western_Wear,Top_Wear,Shirts,Casual,Half Sleeve,,Cutaway Collar,Solid,Woven,Slim,,Cotton 96% Spandex 4%  ,,Regular,,,,,,,,,SHIRTS,FORMAL,NOOS,9021946006,,STRETCH,PREMIUM by JACK & JONES
,,Shree,902194602,JJPR MARCUS POPLIN SHIRT LS,"JJPR MARCUS POPLIN SHIRT L, Jet Black, L",Jet Black,D,Black,#000000,Other  ,Large,L,,,8905944816583,INR,3299,Core,NOS,2026,India,62052090,0.18,Immediate,Men,International,Clothing,Western_Wear,Top_Wear,Shirts,Casual,Half Sleeve,,Cutaway Collar,Solid,Woven,Slim,,Cotton 96% Spandex 4%  ,,Regular,,,,,,,,,SHIRTS,FORMAL,NOOS,9021946010,,STRETCH,PREMIUM by JACK & JONES
,,Shree,902194602,JJPR MARCUS POPLIN SHIRT LS,"JJPR MARCUS POPLIN SHIRT, Jet Black, XL",Jet Black,D,Black,#000000,Other  ,X-Large,XL,,,8905944816620,INR,3299,Core,NOS,2026,India,62052090,0.18,Immediate,Men,International,Clothing,Western_Wear,Top_Wear,Shirts,Casual,Half Sleeve,,Cutaway Collar,Solid,Woven,Slim,,Cotton 96% Spandex 4%  ,,Regular,,,,,,,,,SHIRTS,FORMAL,NOOS,9021946014,,STRETCH,PREMIUM by JACK & JONES
,,Shree,902194602,JJPR MARCUS POPLIN SHIRT LS,"JJPR MARCUS POPLIN SHIRT, Jet Black, XXL",Jet Black,D,Black,#000000,Other  ,XX-Large,XXL,,,8905944816668,INR,3299,Core,NOS,2026,India,62052090,0.18,Immediate,Men,International,Clothing,Western_Wear,Top_Wear,Shirts,Casual,Half Sleeve,,Cutaway Collar,Solid,Woven,Slim,,Cotton 96% Spandex 4%  ,,Regular,,,,,,,,,SHIRTS,FORMAL,NOOS,9021946018,,STRETCH,PREMIUM by JACK & JONES
,,Shree,902194603,JJPR MARCUS POPLIN SHIRT LS,"JJPR MARCUS POPLIN SH, Chocolate Chip, S",Chocolate Chip,H,Brown,#A52A2A,Other  ,Small,S,,,8905944816514,INR,3299,Core,NOS,2026,India,62052090,0.18,Immediate,Men,International,Clothing,Western_Wear,Top_Wear,Shirts,Casual,Half Sleeve,,Cutaway Collar,Solid,Woven,Slim,,Cotton 96% Spandex 4%  ,,Regular,,,,,,,,,SHIRTS,FORMAL,NOOS,9021946003,,STRETCH,PREMIUM by JACK & JONES
,,Shree,902194603,JJPR MARCUS POPLIN SHIRT LS,"JJPR MARCUS POPLIN SH, Chocolate Chip, M",Chocolate Chip,H,Brown,#A52A2A,Other  ,Medium,M,,,8905944816552,INR,3299,Core,NOS,2026,India,62052090,0.18,Immediate,Men,International,Clothing,Western_Wear,Top_Wear,Shirts,Casual,Half Sleeve,,Cutaway Collar,Solid,Woven,Slim,,Cotton 96% Spandex 4%  ,,Regular,,,,,,,,,SHIRTS,FORMAL,NOOS,9021946007,,STRETCH,PREMIUM by JACK & JONES
,,Shree,902194603,JJPR MARCUS POPLIN SHIRT LS,"JJPR MARCUS POPLIN SH, Chocolate Chip, L",Chocolate Chip,H,Brown,#A52A2A,Other  ,Large,L,,,8905944816590,INR,3299,Core,NOS,2026,India,62052090,0.18,Immediate,Men,International,Clothing,Western_Wear,Top_Wear,Shirts,Casual,Half Sleeve,,Cutaway Collar,Solid,Woven,Slim,,Cotton 96% Spandex 4%  ,,Regular,,,,,,,,,SHIRTS,FORMAL,NOOS,9021946011,,STRETCH,PREMIUM by JACK & JONES
,,Shree,902194603,JJPR MARCUS POPLIN SHIRT LS,"JJPR MARCUS POPLIN S, Chocolate Chip, XL",Chocolate Chip,H,Brown,#A52A2A,Other  ,X-Large,XL,,,8905944816637,INR,3299,Core,NOS,2026,India,62052090,0.18,Immediate,Men,International,Clothing,Western_Wear,Top_Wear,Shirts,Casual,Half Sleeve,,Cutaway Collar,Solid,Woven,Slim,,Cotton 96% Spandex 4%  ,,Regular,,,,,,,,,SHIRTS,FORMAL,NOOS,9021946015,,STRETCH,PREMIUM by JACK & JONES
,,Shree,902194603,JJPR MARCUS POPLIN SHIRT LS,"JJPR MARCUS POPLIN, Chocolate Chip, XXL",Chocolate Chip,H,Brown,#A52A2A,Other  ,XX-Large,XXL,,,8905944816675,INR,3299,Core,NOS,2026,India,62052090,0.18,Immediate,Men,International,Clothing,Western_Wear,Top_Wear,Shirts,Casual,Half Sleeve,,Cutaway Collar,Solid,Woven,Slim,,Cotton 96% Spandex 4%  ,,Regular,,,,,,,,,SHIRTS,FORMAL,NOOS,9021946019,,STRETCH,PREMIUM by JACK & JONES
,,Shree,902194604,JJPR MARCUS POPLIN SHIRT LS,"JJPR MARCUS POPLIN SHIR, Bright White, S",Bright White,BQ,White,#FFFFFF,Other  ,Small,S,,,8905944816521,INR,3299,Core,NOS,2026,India,62052090,0.18,Immediate,Men,International,Clothing,Western_Wear,Top_Wear,Shirts,Casual,Half Sleeve,,Cutaway Collar,Solid,Woven,Slim,,Cotton 96% Spandex 4%  ,,Regular,,,,,,,,,SHIRTS,FORMAL,NOOS,9021946004,,STRETCH,PREMIUM by JACK & JONES
,,Shree,902194604,JJPR MARCUS POPLIN SHIRT LS,"JJPR MARCUS POPLIN SHIR, Bright White, M",Bright White,BQ,White,#FFFFFF,Other  ,Medium,M,,,8905944816569,INR,3299,Core,NOS,2026,India,62052090,0.18,Immediate,Men,International,Clothing,Western_Wear,Top_Wear,Shirts,Casual,Half Sleeve,,Cutaway Collar,Solid,Woven,Slim,,Cotton 96% Spandex 4%  ,,Regular,,,,,,,,,SHIRTS,FORMAL,NOOS,9021946008,,STRETCH,PREMIUM by JACK & JONES
,,Shree,902194604,JJPR MARCUS POPLIN SHIRT LS,"JJPR MARCUS POPLIN SHIR, Bright White, L",Bright White,BQ,White,#FFFFFF,Other  ,Large,L,,,8905944816606,INR,3299,Core,NOS,2026,India,62052090,0.18,Immediate,Men,International,Clothing,Western_Wear,Top_Wear,Shirts,Casual,Half Sleeve,,Cutaway Collar,Solid,Woven,Slim,,Cotton 96% Spandex 4%  ,,Regular,,,,,,,,,SHIRTS,FORMAL,NOOS,9021946012,,STRETCH,PREMIUM by JACK & JONES
,,Shree,902194604,JJPR MARCUS POPLIN SHIRT LS,"JJPR MARCUS POPLIN SHI, Bright White, XL",Bright White,BQ,White,#FFFFFF,Other  ,X-Large,XL,,,8905944816644,INR,3299,Core,NOS,2026,India,62052090,0.18,Immediate,Men,International,Clothing,Western_Wear,Top_Wear,Shirts,Casual,Half Sleeve,,Cutaway Collar,Solid,Woven,Slim,,Cotton 96% Spandex 4%  ,,Regular,,,,,,,,,SHIRTS,FORMAL,NOOS,9021946016,,STRETCH,PREMIUM by JACK & JONES
,,Shree,902194604,JJPR MARCUS POPLIN SHIRT LS,"JJPR MARCUS POPLIN SH, Bright White, XXL",Bright White,BQ,White,#FFFFFF,Other  ,XX-Large,XXL,,,8905944816682,INR,3299,Core,NOS,2026,India,62052090,0.18,Immediate,Men,International,Clothing,Western_Wear,Top_Wear,Shirts,Casual,Half Sleeve,,Cutaway Collar,Solid,Woven,Slim,,Cotton 96% Spandex 4%  ,,Regular,,,,,,,,,SHIRTS,FORMAL,NOOS,9021946020,,STRETCH,PREMIUM by JACK & JONES
,,Shree,259124709,JPR RONSHE SHIRT L/S,"JPR RONSHE SHIRT L/S, Navy Blazer, S",Navy Blazer,AX,Navy Blue,#000080,Other  ,Small,S,,,5715419289827,INR,2799,Core,NOS,2026,India,62052090,0.18,Immediate,Men,International,Clothing,Western_Wear,Top_Wear,Shirts,Casual,Half Sleeve,,Regular Collar,Solid,Woven,Slim,,Cotton 98% Spandex 2%  ,,Regular,,,,,,,,,SHIRTS,FORMAL,NOOS,2591247044,,STRETCH,PREMIUM by JACK & JONES
,,Shree,259124709,JPR RONSHE SHIRT L/S,"JPR RONSHE SHIRT L/S, Navy Blazer, M",Navy Blazer,AX,Navy Blue,#000080,Other  ,Medium,M,,,5715419289834,INR,2799,Core,NOS,2026,India,62052090,0.18,Immediate,Men,International,Clothing,Western_Wear,Top_Wear,Shirts,Casual,Half Sleeve,,Regular Collar,Solid,Woven,Slim,,Cotton 98% Spandex 2%  ,,Regular,,,,,,,,,SHIRTS,FORMAL,NOOS,2591247045,,STRETCH,PREMIUM by JACK & JONES
,,Shree,259124709,JPR RONSHE SHIRT L/S,"JPR RONSHE SHIRT L/S, Navy Blazer, L",Navy Blazer,AX,Navy Blue,#000080,Other  ,Large,L,,,5715419289841,INR,2799,Core,NOS,2026,India,62052090,0.18,Immediate,Men,International,Clothing,Western_Wear,Top_Wear,Shirts,Casual,Half Sleeve,,Regular Collar,Solid,Woven,Slim,,Cotton 98% Spandex 2%  ,,Regular,,,,,,,,,SHIRTS,FORMAL,NOOS,2591247049,,STRETCH,PREMIUM by JACK & JONES
,,Shree,259124709,JPR RONSHE SHIRT L/S,"JPR RONSHE SHIRT L/S, Navy Blazer, XL",Navy Blazer,AX,Navy Blue,#000080,Other  ,X-Large,XL,,,5715419289858,INR,2799,Core,NOS,2026,India,62052090,0.18,Immediate,Men,International,Clothing,Western_Wear,Top_Wear,Shirts,Casual,Half Sleeve,,Regular Collar,Solid,Woven,Slim,,Cotton 98% Spandex 2%  ,,Regular,,,,,,,,,SHIRTS,FORMAL,NOOS,2591247042,,STRETCH,PREMIUM by JACK & JONES
,,Shree,259124709,JPR RONSHE SHIRT L/S,"JPR RONSHE SHIRT L/S, Navy Blazer, XXL",Navy Blazer,AX,Navy Blue,#000080,Other  ,XX-Large,XXL,,,5715419289865,INR,2799,Core,NOS,2026,India,62052090,0.18,Immediate,Men,International,Clothing,Western_Wear,Top_Wear,Shirts,Casual,Half Sleeve,,Regular Collar,Solid,Woven,Slim,,Cotton 98% Spandex 2%  ,,Regular,,,,,,,,,SHIRTS,FORMAL,NOOS,2591247041,,STRETCH,PREMIUM by JACK & JONES
,,Shree,259124710,JPR RONSHE SHIRT L/S,"JPR RONSHE SHIRT L/S, Black, S",Black,D,Black,#000000,Other  ,Small,S,,,5715419289766,INR,2799,Core,NOS,2026,India,62052090,0.18,Immediate,Men,International,Clothing,Western_Wear,Top_Wear,Shirts,Casual,Half Sleeve,,Regular Collar,Solid,Woven,Slim,,Cotton 98% Spandex 2%  ,,Regular,,,,,,,,,SHIRTS,FORMAL,NOOS,2591247050,,STRETCH,PREMIUM by JACK & JONES
,,Shree,259124710,JPR RONSHE SHIRT L/S,"JPR RONSHE SHIRT L/S, Black, M",Black,D,Black,#000000,Other  ,Medium,M,,,5715419289773,INR,2799,Core,NOS,2026,India,62052090,0.18,Immediate,Men,International,Clothing,Western_Wear,Top_Wear,Shirts,Casual,Half Sleeve,,Regular Collar,Solid,Woven,Slim,,Cotton 98% Spandex 2%  ,,Regular,,,,,,,,,SHIRTS,FORMAL,NOOS,2591247052,,STRETCH,PREMIUM by JACK & JONES
,,Shree,259124710,JPR RONSHE SHIRT L/S,"JPR RONSHE SHIRT L/S, Black, L",Black,D,Black,#000000,Other  ,Large,L,,,5715419289780,INR,2799,Core,NOS,2026,India,62052090,0.18,Immediate,Men,International,Clothing,Western_Wear,Top_Wear,Shirts,Casual,Half Sleeve,,Regular Collar,Solid,Woven,Slim,,Cotton 98% Spandex 2%  ,,Regular,,,,,,,,,SHIRTS,FORMAL,NOOS,2591247047,,STRETCH,PREMIUM by JACK & JONES
,,Shree,259124710,JPR RONSHE SHIRT L/S,"JPR RONSHE SHIRT L/S, Black, XL",Black,D,Black,#000000,Other  ,X-Large,XL,,,5715419289797,INR,2799,Core,NOS,2026,India,62052090,0.18,Immediate,Men,International,Clothing,Western_Wear,Top_Wear,Shirts,Casual,Half Sleeve,,Regular Collar,Solid,Woven,Slim,,Cotton 98% Spandex 2%  ,,Regular,,,,,,,,,SHIRTS,FORMAL,NOOS,2591247048,,STRETCH,PREMIUM by JACK & JONES
,,Shree,259124710,JPR RONSHE SHIRT L/S,"JPR RONSHE SHIRT L/S, Black, XXL",Black,D,Black,#000000,Other  ,XX-Large,XXL,,,5715419289803,INR,2799,Core,NOS,2026,India,62052090,0.18,Immediate,Men,International,Clothing,Western_Wear,Top_Wear,Shirts,Casual,Half Sleeve,,Regular Collar,Solid,Woven,Slim,,Cotton 98% Spandex 2%  ,,Regular,,,,,,,,,SHIRTS,FORMAL,NOOS,2591247043,,STRETCH,PREMIUM by JACK & JONES
,,Shree,259124711,JPR RONSHE SHIRT L/S,"JPR RONSHE SHIRT L/S, White, S",White,BQ,White,#FFFFFF,Other  ,Small,S,,,5715419289889,INR,2799,Core,NOS,2026,India,62052090,0.18,Immediate,Men,International,Clothing,Western_Wear,Top_Wear,Shirts,Casual,Half Sleeve,,Regular Collar,Solid,Woven,Slim,,Cotton 98% Spandex 2%  ,,Regular,,,,,,,,,SHIRTS,FORMAL,NOOS,2591247053,,STRETCH,PREMIUM by JACK & JONES
,,Shree,259124711,JPR RONSHE SHIRT L/S,"JPR RONSHE SHIRT L/S, White, M",White,BQ,White,#FFFFFF,Other  ,Medium,M,,,5715419289896,INR,2799,Core,NOS,2026,India,62052090,0.18,Immediate,Men,International,Clothing,Western_Wear,Top_Wear,Shirts,Casual,Half Sleeve,,Regular Collar,Solid,Woven,Slim,,Cotton 98% Spandex 2%  ,,Regular,,,,,,,,,SHIRTS,FORMAL,NOOS,2591247054,,STRETCH,PREMIUM by JACK & JONES
,,Shree,259124711,JPR RONSHE SHIRT L/S,"JPR RONSHE SHIRT L/S, White, L",White,BQ,White,#FFFFFF,Other  ,Large,L,,,5715419289902,INR,2799,Core,NOS,2026,India,62052090,0.18,Immediate,Men,International,Clothing,Western_Wear,Top_Wear,Shirts,Casual,Half Sleeve,,Regular Collar,Solid,Woven,Slim,,Cotton 98% Spandex 2%  ,,Regular,,,,,,,,,SHIRTS,FORMAL,NOOS,2591247051,,STRETCH,PREMIUM by JACK & JONES
,,Shree,259124711,JPR RONSHE SHIRT L/S,"JPR RONSHE SHIRT L/S, White, XL",White,BQ,White,#FFFFFF,Other  ,X-Large,XL,,,5715419289919,INR,2799,Core,NOS,2026,India,62052090,0.18,Immediate,Men,International,Clothing,Western_Wear,Top_Wear,Shirts,Casual,Half Sleeve,,Regular Collar,Solid,Woven,Slim,,Cotton 98% Spandex 2%  ,,Regular,,,,,,,,,SHIRTS,FORMAL,NOOS,2591247055,,STRETCH,PREMIUM by JACK & JONES
,,Shree,259124711,JPR RONSHE SHIRT L/S,"JPR RONSHE SHIRT L/S, White, XXL",White,BQ,White,#FFFFFF,Other  ,XX-Large,XXL,,,5715419289926,INR,2799,Core,NOS,2026,India,62052090,0.18,Immediate,Men,International,Clothing,Western_Wear,Top_Wear,Shirts,Casual,Half Sleeve,,Regular Collar,Solid,Woven,Slim,,Cotton 98% Spandex 2%  ,,Regular,,,,,,,,,SHIRTS,FORMAL,NOOS,2591247046,,STRETCH,PREMIUM by JACK & JONES
,,Shree,259124714,JPR RONSHE SHIRT L/S,"JPR RONSHE SHIRT L/S, Dark Olive, S",Dark Olive,BA,Olive,#808000,Other  ,Small,S,,,5715515181063,INR,2799,Core,NOS,2026,India,62052090,0.18,Immediate,Men,International,Clothing,Western_Wear,Top_Wear,Shirts,Casual,Half Sleeve,,Regular Collar,Solid,Woven,Slim,,Cotton 98% Spandex 2%  ,,Regular,,,,,,,,,SHIRTS,FORMAL,NOOS,2591247070,,STRETCH,PREMIUM by JACK & JONES
,,Shree,259124714,JPR RONSHE SHIRT L/S,"JPR RONSHE SHIRT L/S, Dark Olive, M",Dark Olive,BA,Olive,#808000,Other  ,Medium,M,,,5715515181070,INR,2799,Core,NOS,2026,India,62052090,0.18,Immediate,Men,International,Clothing,Western_Wear,Top_Wear,Shirts,Casual,Half Sleeve,,Regular Collar,Solid,Woven,Slim,,Cotton 98% Spandex 2%  ,,Regular,,,,,,,,,SHIRTS,FORMAL,NOOS,2591247068,,STRETCH,PREMIUM by JACK & JONES
,,Shree,259124714,JPR RONSHE SHIRT L/S,"JPR RONSHE SHIRT L/S, Dark Olive, L",Dark Olive,BA,Olive,#808000,Other  ,Large,L,,,5715515181087,INR,2799,Core,NOS,2026,India,62052090,0.18,Immediate,Men,International,Clothing,Western_Wear,Top_Wear,Shirts,Casual,Half Sleeve,,Regular Collar,Solid,Woven,Slim,,Cotton 98% Spandex 2%  ,,Regular,,,,,,,,,SHIRTS,FORMAL,NOOS,2591247081,,STRETCH,PREMIUM by JACK & JONES
,,Shree,259124714,JPR RONSHE SHIRT L/S,"JPR RONSHE SHIRT L/S, Dark Olive, XL",Dark Olive,BA,Olive,#808000,Other  ,X-Large,XL,,,5715515181094,INR,2799,Core,NOS,2026,India,62052090,0.18,Immediate,Men,International,Clothing,Western_Wear,Top_Wear,Shirts,Casual,Half Sleeve,,Regular Collar,Solid,Woven,Slim,,Cotton 98% Spandex 2%  ,,Regular,,,,,,,,,SHIRTS,FORMAL,NOOS,2591247082,,STRETCH,PREMIUM by JACK & JONES
,,Shree,259124714,JPR RONSHE SHIRT L/S,"JPR RONSHE SHIRT L/S, Dark Olive, XXL",Dark Olive,BA,Olive,#808000,Other  ,XX-Large,XXL,,,5715515181100,INR,2799,Core,NOS,2026,India,62052090,0.18,Immediate,Men,International,Clothing,Western_Wear,Top_Wear,Shirts,Casual,Half Sleeve,,Regular Collar,Solid,Woven,Slim,,Cotton 98% Spandex 2%  ,,Regular,,,,,,,,,SHIRTS,FORMAL,NOOS,2591247073,,STRETCH,PREMIUM by JACK & JONES
,,Shree,259124714,JPR RONSHE SHIRT L/S,"JPR RONSHE SHIRT L/S, Dark Olive, XXXL",Dark Olive,BA,Olive,#808000,Other  ,XXX-Large,3XL,,,5715515181117,INR,2799,Core,NOS,2026,India,62052090,0.18,Immediate,Men,International,Clothing,Western_Wear,Top_Wear,Shirts,Casual,Half Sleeve,,Regular Collar,Solid,Woven,Slim,,Cotton 98% Spandex 2%  ,,Regular,,,,,,,,,SHIRTS,FORMAL,NOOS,2591247079,,STRETCH,PREMIUM by JACK & JONES
,,Shree,259124718,JPR RONSHE SHIRT L/S,"JPR RONSHE SHIRT L/S, Zinfandel, S",Zinfandel,AS,Maroon,#800000,Other  ,Small,S,,,5715606860037,INR,2799,Core,NOS,2026,India,62052090,0.18,Immediate,Men,International,Clothing,Western_Wear,Top_Wear,Shirts,Casual,Half Sleeve,,Regular Collar,Solid,Woven,Slim,,Cotton 98% Spandex 2%  ,,Regular,,,,,,,,,SHIRTS,FORMAL,NOOS,2591247096,,STRETCH,PREMIUM by JACK & JONES
,,Shree,259124718,JPR RONSHE SHIRT L/S,"JPR RONSHE SHIRT L/S, Zinfandel, M",Zinfandel,AS,Maroon,#800000,Other  ,Medium,M,,,5715606860044,INR,2799,Core,NOS,2026,India,62052090,0.18,Immediate,Men,International,Clothing,Western_Wear,Top_Wear,Shirts,Casual,Half Sleeve,,Regular Collar,Solid,Woven,Slim,,Cotton 98% Spandex 2%  ,,Regular,,,,,,,,,SHIRTS,FORMAL,NOOS,2591247086,,STRETCH,PREMIUM by JACK & JONES
,,Shree,259124718,JPR RONSHE SHIRT L/S,"JPR RONSHE SHIRT L/S, Zinfandel, L",Zinfandel,AS,Maroon,#800000,Other  ,Large,L,,,5715606860051,INR,2799,Core,NOS,2026,India,62052090,0.18,Immediate,Men,International,Clothing,Western_Wear,Top_Wear,Shirts,Casual,Half Sleeve,,Regular Collar,Solid,Woven,Slim,,Cotton 98% Spandex 2%  ,,Regular,,,,,,,,,SHIRTS,FORMAL,NOOS,2591247091,,STRETCH,PREMIUM by JACK & JONES
,,Shree,259124718,JPR RONSHE SHIRT L/S,"JPR RONSHE SHIRT L/S, Zinfandel, XL",Zinfandel,AS,Maroon,#800000,Other  ,X-Large,XL,,,5715606860068,INR,2799,Core,NOS,2026,India,62052090,0.18,Immediate,Men,International,Clothing,Western_Wear,Top_Wear,Shirts,Casual,Half Sleeve,,Regular Collar,Solid,Woven,Slim,,Cotton 98% Spandex 2%  ,,Regular,,,,,,,,,SHIRTS,FORMAL,NOOS,2591247092,,STRETCH,PREMIUM by JACK & JONES
,,Shree,259124718,JPR RONSHE SHIRT L/S,"JPR RONSHE SHIRT L/S, Zinfandel, XXL",Zinfandel,AS,Maroon,#800000,Other  ,XX-Large,XXL,,,5715606860075,INR,2799,Core,NOS,2026,India,62052090,0.18,Immediate,Men,International,Clothing,Western_Wear,Top_Wear,Shirts,Casual,Half Sleeve,,Regular Collar,Solid,Woven,Slim,,Cotton 98% Spandex 2%  ,,Regular,,,,,,,,,SHIRTS,FORMAL,NOOS,2591247093,,STRETCH,PREMIUM by JACK & JONES
,,Shree,259124718,JPR RONSHE SHIRT L/S,"JPR RONSHE SHIRT L/S, Zinfandel, XXXL",Zinfandel,AS,Maroon,#800000,Other  ,XXX-Large,3XL,,,5715606860082,INR,2799,Core,NOS,2026,India,62052090,0.18,Immediate,Men,International,Clothing,Western_Wear,Top_Wear,Shirts,Casual,Half Sleeve,,Regular Collar,Solid,Woven,Slim,,Cotton 98% Spandex 2%  ,,Regular,,,,,,,,,SHIRTS,FORMAL,NOOS,2591247089,,STRETCH,PREMIUM by JACK & JONES
,,Shree,901458501,JJPR TECHNO CREW NECK T-SHIRT SS,"JJPR TECHNO CREW NECK T-SH, Jet Black, S",Jet Black,D,Black,#000000,Other  ,Small,S,,,8905944634385,INR,2499,Core,NOS,2026,India,61091000,0.05,Immediate,Men,International,Clothing,Western_Wear,Top_Wear,T-Shirts,Casual,Half Sleeve,Round Neck,,Applique,Knit,Over sized,,Cotton 95% Elastane 5%  ,,Regular,,,,,,,,,T-SHIRTS,CREW NECK,NOOS,9014585001,,CHEST BRANDING,PREMIUM by JACK & JONES
,,Shree,901458501,JJPR TECHNO CREW NECK T-SHIRT SS,"JJPR TECHNO CREW NECK T-SH, Jet Black, M",Jet Black,D,Black,#000000,Other  ,Medium,M,,,8905944634408,INR,2499,Core,NOS,2026,India,61091000,0.05,Immediate,Men,International,Clothing,Western_Wear,Top_Wear,T-Shirts,Casual,Half Sleeve,Round Neck,,Applique,Knit,Over sized,,Cotton 95% Elastane 5%  ,,Regular,,,,,,,,,T-SHIRTS,CREW NECK,NOOS,9014585003,,CHEST BRANDING,PREMIUM by JACK & JONES
,,Shree,901458501,JJPR TECHNO CREW NECK T-SHIRT SS,"JJPR TECHNO CREW NECK T-SH, Jet Black, L",Jet Black,D,Black,#000000,Other  ,Large,L,,,8905944634422,INR,2499,Core,NOS,2026,India,61091000,0.05,Immediate,Men,International,Clothing,Western_Wear,Top_Wear,T-Shirts,Casual,Half Sleeve,Round Neck,,Applique,Knit,Over sized,,Cotton 95% Elastane 5%  ,,Regular,,,,,,,,,T-SHIRTS,CREW NECK,NOOS,9014585005,,CHEST BRANDING,PREMIUM by JACK & JONES
,,Shree,901458501,JJPR TECHNO CREW NECK T-SHIRT SS,"JJPR TECHNO CREW NECK T-S, Jet Black, XL",Jet Black,D,Black,#000000,Other  ,X-Large,XL,,,8905944634446,INR,2499,Core,NOS,2026,India,61091000,0.05,Immediate,Men,International,Clothing,Western_Wear,Top_Wear,T-Shirts,Casual,Half Sleeve,Round Neck,,Applique,Knit,Over sized,,Cotton 95% Elastane 5%  ,,Regular,,,,,,,,,T-SHIRTS,CREW NECK,NOOS,9014585007,,CHEST BRANDING,PREMIUM by JACK & JONES
,,Shree,901458501,JJPR TECHNO CREW NECK T-SHIRT SS,"JJPR TECHNO CREW NECK T-, Jet Black, XXL",Jet Black,D,Black,#000000,Other  ,XX-Large,XXL,,,8905944634460,INR,2499,Core,NOS,2026,India,61091000,0.05,Immediate,Men,International,Clothing,Western_Wear,Top_Wear,T-Shirts,Casual,Half Sleeve,Round Neck,,Applique,Knit,Over sized,,Cotton 95% Elastane 5%  ,,Regular,,,,,,,,,T-SHIRTS,CREW NECK,NOOS,9014585009,,CHEST BRANDING,PREMIUM by JACK & JONES
,,Shree,901482501,JJCO LITHION SS TSHIRT,"JJCO LITHION SS TSHIRT, Comfrey, XS",Comfrey,AA,Green,#008000,Other  ,X-Small,XS,,,8905944838448,INR,1799,Core,NOS,2026,India,61091000,0.05,Immediate,Men,International,Clothing,Western_Wear,Top_Wear,T-Shirts,Casual,Half Sleeve,Round Neck,,Printed,Knit,Slim,,Cotton 95% Elastane 5%  ,,Regular,,,,,,,,,T-SHIRTS,CREW NECK,NOOS,9014825011,,CHEST BRANDING,CORE by JACK & JONES
,,Shree,901482501,JJCO LITHION SS TSHIRT,"JJCO LITHION SS TSHIRT, Comfrey, S",Comfrey,AA,Green,#008000,Other  ,Small,S,,,8905944650620,INR,1799,Core,NOS,2026,India,61091000,0.05,Immediate,Men,International,Clothing,Western_Wear,Top_Wear,T-Shirts,Casual,Half Sleeve,Round Neck,,Printed,Knit,Slim,,Cotton 95% Elastane 5%  ,,Regular,,,,,,,,,T-SHIRTS,CREW NECK,NOOS,9014825001,,CHEST BRANDING,CORE by JACK & JONES
,,Shree,901482501,JJCO LITHION SS TSHIRT,"JJCO LITHION SS TSHIRT, Comfrey, M",Comfrey,AA,Green,#008000,Other  ,Medium,M,,,8905944650644,INR,1799,Core,NOS,2026,India,61091000,0.05,Immediate,Men,International,Clothing,Western_Wear,Top_Wear,T-Shirts,Casual,Half Sleeve,Round Neck,,Printed,Knit,Slim,,Cotton 95% Elastane 5%  ,,Regular,,,,,,,,,T-SHIRTS,CREW NECK,NOOS,9014825003,,CHEST BRANDING,CORE by JACK & JONES
,,Shree,901482501,JJCO LITHION SS TSHIRT,"JJCO LITHION SS TSHIRT, Comfrey, L",Comfrey,AA,Green,#008000,Other  ,Large,L,,,8905944650668,INR,1799,Core,NOS,2026,India,61091000,0.05,Immediate,Men,International,Clothing,Western_Wear,Top_Wear,T-Shirts,Casual,Half Sleeve,Round Neck,,Printed,Knit,Slim,,Cotton 95% Elastane 5%  ,,Regular,,,,,,,,,T-SHIRTS,CREW NECK,NOOS,9014825005,,CHEST BRANDING,CORE by JACK & JONES
,,Shree,901482501,JJCO LITHION SS TSHIRT,"JJCO LITHION SS TSHIRT, Comfrey, XL",Comfrey,AA,Green,#008000,Other  ,X-Large,XL,,,8905944650682,INR,1799,Core,NOS,2026,India,61091000,0.05,Immediate,Men,International,Clothing,Western_Wear,Top_Wear,T-Shirts,Casual,Half Sleeve,Round Neck,,Printed,Knit,Slim,,Cotton 95% Elastane 5%  ,,Regular,,,,,,,,,T-SHIRTS,CREW NECK,NOOS,9014825007,,CHEST BRANDING,CORE by JACK & JONES
,,Shree,901482501,JJCO LITHION SS TSHIRT,"JJCO LITHION SS TSHIRT, Comfrey, XXL",Comfrey,AA,Green,#008000,Other  ,XX-Large,XXL,,,8905944650705,INR,1799,Core,NOS,2026,India,61091000,0.05,Immediate,Men,International,Clothing,Western_Wear,Top_Wear,T-Shirts,Casual,Half Sleeve,Round Neck,,Printed,Knit,Slim,,Cotton 95% Elastane 5%  ,,Regular,,,,,,,,,T-SHIRTS,CREW NECK,NOOS,9014825009,,CHEST BRANDING,CORE by JACK & JONES
,,Shree,901482502,JJCO LITHION SS TSHIRT,"JJCO LITHION SS TSHIRT, Wild Ginger, XS",Wild Ginger,AT,Mauve,#E0B0FF,Other  ,X-Small,XS,,,8905944838455,INR,1799,Core,NOS,2026,India,61091000,0.05,Immediate,Men,International,Clothing,Western_Wear,Top_Wear,T-Shirts,Casual,Half Sleeve,Round Neck,,Printed,Knit,Slim,,Cotton 95% Elastane 5%  ,,Regular,,,,,,,,,T-SHIRTS,CREW NECK,NOOS,9014825012,,CHEST BRANDING,CORE by JACK & JONES
,,Shree,901482502,JJCO LITHION SS TSHIRT,"JJCO LITHION SS TSHIRT, Wild Ginger, S",Wild Ginger,AT,Mauve,#E0B0FF,Other  ,Small,S,,,8905944650637,INR,1799,Core,NOS,2026,India,61091000,0.05,Immediate,Men,International,Clothing,Western_Wear,Top_Wear,T-Shirts,Casual,Half Sleeve,Round Neck,,Printed,Knit,Slim,,Cotton 95% Elastane 5%  ,,Regular,,,,,,,,,T-SHIRTS,CREW NECK,NOOS,9014825002,,CHEST BRANDING,CORE by JACK & JONES
,,Shree,901482502,JJCO LITHION SS TSHIRT,"JJCO LITHION SS TSHIRT, Wild Ginger, M",Wild Ginger,AT,Mauve,#E0B0FF,Other  ,Medium,M,,,8905944650651,INR,1799,Core,NOS,2026,India,61091000,0.05,Immediate,Men,International,Clothing,Western_Wear,Top_Wear,T-Shirts,Casual,Half Sleeve,Round Neck,,Printed,Knit,Slim,,Cotton 95% Elastane 5%  ,,Regular,,,,,,,,,T-SHIRTS,CREW NECK,NOOS,9014825004,,CHEST BRANDING,CORE by JACK & JONES
,,Shree,901482502,JJCO LITHION SS TSHIRT,"JJCO LITHION SS TSHIRT, Wild Ginger, L",Wild Ginger,AT,Mauve,#E0B0FF,Other  ,Large,L,,,8905944650675,INR,1799,Core,NOS,2026,India,61091000,0.05,Immediate,Men,International,Clothing,Western_Wear,Top_Wear,T-Shirts,Casual,Half Sleeve,Round Neck,,Printed,Knit,Slim,,Cotton 95% Elastane 5%  ,,Regular,,,,,,,,,T-SHIRTS,CREW NECK,NOOS,9014825006,,CHEST BRANDING,CORE by JACK & JONES
,,Shree,901482502,JJCO LITHION SS TSHIRT,"JJCO LITHION SS TSHIRT, Wild Ginger, XL",Wild Ginger,AT,Mauve,#E0B0FF,Other  ,X-Large,XL,,,8905944650699,INR,1799,Core,NOS,2026,India,61091000,0.05,Immediate,Men,International,Clothing,Western_Wear,Top_Wear,T-Shirts,Casual,Half Sleeve,Round Neck,,Printed,Knit,Slim,,Cotton 95% Elastane 5%  ,,Regular,,,,,,,,,T-SHIRTS,CREW NECK,NOOS,9014825008,,CHEST BRANDING,CORE by JACK & JONES
,,Shree,901482502,JJCO LITHION SS TSHIRT,"JJCO LITHION SS TSHIRT, Wild Ginger, XXL",Wild Ginger,AT,Mauve,#E0B0FF,Other  ,XX-Large,XXL,,,8905944650712,INR,1799,Core,NOS,2026,India,61091000,0.05,Immediate,Men,International,Clothing,Western_Wear,Top_Wear,T-Shirts,Casual,Half Sleeve,Round Neck,,Printed,Knit,Slim,,Cotton 95% Elastane 5%  ,,Regular,,,,,,,,,T-SHIRTS,CREW NECK,NOOS,9014825010,,CHEST BRANDING,CORE by JACK & JONES
,,Shree,902197602,JJ MERC CREW NECK SS,"JJ MERC CREW NECK SS, Jet Black, S",Jet Black,D,Black,#000000,Other  ,Small,S,,,8905944817849,INR,999,Core,NOS,2026,India,61091000,0.05,Immediate,Men,International,Clothing,Western_Wear,Top_Wear,T-Shirts,Casual,Half Sleeve,Round Neck,,Solid,Knit,Regular,,Cotton 100%   ,,Regular,,,,,,,,,T-SHIRTS,CREW NECK,NOOS,9021976002,,Solid,PREMIUM by JACK & JONES
,,Shree,902197602,JJ MERC CREW NECK SS,"JJ MERC CREW NECK SS, Jet Black, M",Jet Black,D,Black,#000000,Other  ,Medium,M,,,8905944817887,INR,999,Core,NOS,2026,India,61091000,0.05,Immediate,Men,International,Clothing,Western_Wear,Top_Wear,T-Shirts,Casual,Half Sleeve,Round Neck,,Solid,Knit,Regular,,Cotton 100%   ,,Regular,,,,,,,,,T-SHIRTS,CREW NECK,NOOS,9021976006,,Solid,PREMIUM by JACK & JONES
,,Shree,902197602,JJ MERC CREW NECK SS,"JJ MERC CREW NECK SS, Jet Black, L",Jet Black,D,Black,#000000,Other  ,Large,L,,,8905944817924,INR,999,Core,NOS,2026,India,61091000,0.05,Immediate,Men,International,Clothing,Western_Wear,Top_Wear,T-Shirts,Casual,Half Sleeve,Round Neck,,Solid,Knit,Regular,,Cotton 100%   ,,Regular,,,,,,,,,T-SHIRTS,CREW NECK,NOOS,9021976010,,Solid,PREMIUM by JACK & JONES
,,Shree,902197602,JJ MERC CREW NECK SS,"JJ MERC CREW NECK SS, Jet Black, XL",Jet Black,D,Black,#000000,Other  ,X-Large,XL,,,8905944817962,INR,999,Core,NOS,2026,India,61091000,0.05,Immediate,Men,International,Clothing,Western_Wear,Top_Wear,T-Shirts,Casual,Half Sleeve,Round Neck,,Solid,Knit,Regular,,Cotton 100%   ,,Regular,,,,,,,,,T-SHIRTS,CREW NECK,NOOS,9021976014,,Solid,PREMIUM by JACK & JONES
,,Shree,902197602,JJ MERC CREW NECK SS,"JJ MERC CREW NECK SS, Jet Black, XXL",Jet Black,D,Black,#000000,Other  ,XX-Large,XXL,,,8905944818006,INR,999,Core,NOS,2026,India,61091000,0.05,Immediate,Men,International,Clothing,Western_Wear,Top_Wear,T-Shirts,Casual,Half Sleeve,Round Neck,,Solid,Knit,Regular,,Cotton 100%   ,,Regular,,,,,,,,,T-SHIRTS,CREW NECK,NOOS,9021976018,,Solid,PREMIUM by JACK & JONES
,,Shree,902197604,JJ MERC CREW NECK SS,"JJ MERC CREW NECK SS, Brilliant white, S",Brilliant white,BQ,White,#FFFFFF,Other  ,Small,S,,,8905944817863,INR,999,Core,NOS,2026,India,61091000,0.05,Immediate,Men,International,Clothing,Western_Wear,Top_Wear,T-Shirts,Casual,Half Sleeve,Round Neck,,Solid,Knit,Regular,,Cotton 100%   ,,Regular,,,,,,,,,T-SHIRTS,CREW NECK,NOOS,9021976004,,Solid,PREMIUM by JACK & JONES
,,Shree,902197604,JJ MERC CREW NECK SS,"JJ MERC CREW NECK SS, Brilliant white, M",Brilliant white,BQ,White,#FFFFFF,Other  ,Medium,M,,,8905944817900,INR,999,Core,NOS,2026,India,61091000,0.05,Immediate,Men,International,Clothing,Western_Wear,Top_Wear,T-Shirts,Casual,Half Sleeve,Round Neck,,Solid,Knit,Regular,,Cotton 100%   ,,Regular,,,,,,,,,T-SHIRTS,CREW NECK,NOOS,9021976008,,Solid,PREMIUM by JACK & JONES
,,Shree,902197604,JJ MERC CREW NECK SS,"JJ MERC CREW NECK SS, Brilliant white, L",Brilliant white,BQ,White,#FFFFFF,Other  ,Large,L,,,8905944817948,INR,999,Core,NOS,2026,India,61091000,0.05,Immediate,Men,International,Clothing,Western_Wear,Top_Wear,T-Shirts,Casual,Half Sleeve,Round Neck,,Solid,Knit,Regular,,Cotton 100%   ,,Regular,,,,,,,,,T-SHIRTS,CREW NECK,NOOS,9021976012,,Solid,PREMIUM by JACK & JONES
,,Shree,902197604,JJ MERC CREW NECK SS,"JJ MERC CREW NECK S, Brilliant white, XL",Brilliant white,BQ,White,#FFFFFF,Other  ,X-Large,XL,,,8905944817986,INR,999,Core,NOS,2026,India,61091000,0.05,Immediate,Men,International,Clothing,Western_Wear,Top_Wear,T-Shirts,Casual,Half Sleeve,Round Neck,,Solid,Knit,Regular,,Cotton 100%   ,,Regular,,,,,,,,,T-SHIRTS,CREW NECK,NOOS,9021976016,,Solid,PREMIUM by JACK & JONES
,,Shree,902197604,JJ MERC CREW NECK SS,"JJ MERC CREW NECK, Brilliant white, XXL",Brilliant white,BQ,White,#FFFFFF,Other  ,XX-Large,XXL,,,8905944818020,INR,999,Core,NOS,2026,India,61091000,0.05,Immediate,Men,International,Clothing,Western_Wear,Top_Wear,T-Shirts,Casual,Half Sleeve,Round Neck,,Solid,Knit,Regular,,Cotton 100%   ,,Regular,,,,,,,,,T-SHIRTS,CREW NECK,NOOS,9021976020,,Solid,PREMIUM by JACK & JONES
,,Shree,902273701,JJECORP LOGO TEE SS O-NECK NOOS,"JJECORP LOGO TEE SS O-NECK NOO, BLACK, S",Black,D,Black,#000000,Other  ,Small,S,,,8905944861538,INR,999,Core,NOS,2026,Denmark,61091000,0.05,Immediate,Men,International,Clothing,Western_Wear,Top_Wear,T-Shirts,Casual,Half Sleeve,Round Neck,,Printed,Knit,Slim,,Cotton - Organic 100%   ,,Regular,,,,,,,,,T-SHIRTS,CREW NECK,NOOS,9022737001,,Knitted,ORIGINALS by JACK & JONES
,,Shree,902273701,JJECORP LOGO TEE SS O-NECK NOOS,"JJECORP LOGO TEE SS O-NECK NOO, BLACK, M",Black,D,Black,#000000,Other  ,Medium,M,,,8905944861545,INR,999,Core,NOS,2026,Denmark,61091000,0.05,Immediate,Men,International,Clothing,Western_Wear,Top_Wear,T-Shirts,Casual,Half Sleeve,Round Neck,,Printed,Knit,Slim,,Cotton - Organic 100%   ,,Regular,,,,,,,,,T-SHIRTS,CREW NECK,NOOS,9022737002,,Knitted,ORIGINALS by JACK & JONES
,,Shree,902273701,JJECORP LOGO TEE SS O-NECK NOOS,"JJECORP LOGO TEE SS O-NECK NOO, BLACK, L",Black,D,Black,#000000,Other  ,Large,L,,,8905944861552,INR,999,Core,NOS,2026,Denmark,61091000,0.05,Immediate,Men,International,Clothing,Western_Wear,Top_Wear,T-Shirts,Casual,Half Sleeve,Round Neck,,Printed,Knit,Slim,,Cotton - Organic 100%   ,,Regular,,,,,,,,,T-SHIRTS,CREW NECK,NOOS,9022737003,,Knitted,ORIGINALS by JACK & JONES
,,Shree,902273701,JJECORP LOGO TEE SS O-NECK NOOS,"JJECORP LOGO TEE SS O-NECK NO, BLACK, XL",Black,D,Black,#000000,Other  ,X-Large,XL,,,8905944861569,INR,999,Core,NOS,2026,Denmark,61091000,0.05,Immediate,Men,International,Clothing,Western_Wear,Top_Wear,T-Shirts,Casual,Half Sleeve,Round Neck,,Printed,Knit,Slim,,Cotton - Organic 100%   ,,Regular,,,,,,,,,T-SHIRTS,CREW NECK,NOOS,9022737004,,Knitted,ORIGINALS by JACK & JONES
,,Shree,902273701,JJECORP LOGO TEE SS O-NECK NOOS,"JJECORP LOGO TEE SS O-NECK N, BLACK, XXL",Black,D,Black,#000000,Other  ,XX-Large,XXL,,,8905944861576,INR,999,Core,NOS,2026,Denmark,61091000,0.05,Immediate,Men,International,Clothing,Western_Wear,Top_Wear,T-Shirts,Casual,Half Sleeve,Round Neck,,Printed,Knit,Slim,,Cotton - Organic 100%   ,,Regular,,,,,,,,,T-SHIRTS,CREW NECK,NOOS,9022737005,,Knitted,ORIGINALS by JACK & JONES
,,Shree,902273801,JJECORP LOGO TEE SS O-NECK NOOS,"JJECORP LOGO TEE SS O-NECK NOO, BLACK, S",Black,D,Black,#000000,Other  ,Small,S,,,8905944861583,INR,999,Core,NOS,2026,Denmark,61091000,0.05,Immediate,Men,International,Clothing,Western_Wear,Top_Wear,T-Shirts,Casual,Half Sleeve,Round Neck,,Printed,Knit,Slim,,Cotton 100%   ,,Regular,,,,,,,,,T-SHIRTS,CREW NECK,NOOS,9022738001,,Knitted,ORIGINALS by JACK & JONES
,,Shree,902273801,JJECORP LOGO TEE SS O-NECK NOOS,"JJECORP LOGO TEE SS O-NECK NOO, BLACK, M",Black,D,Black,#000000,Other  ,Medium,M,,,8905944861590,INR,999,Core,NOS,2026,Denmark,61091000,0.05,Immediate,Men,International,Clothing,Western_Wear,Top_Wear,T-Shirts,Casual,Half Sleeve,Round Neck,,Printed,Knit,Slim,,Cotton 100%   ,,Regular,,,,,,,,,T-SHIRTS,CREW NECK,NOOS,9022738002,,Knitted,ORIGINALS by JACK & JONES
,,Shree,902273801,JJECORP LOGO TEE SS O-NECK NOOS,"JJECORP LOGO TEE SS O-NECK NOO, BLACK, L",Black,D,Black,#000000,Other  ,Large,L,,,8905944861606,INR,999,Core,NOS,2026,Denmark,61091000,0.05,Immediate,Men,International,Clothing,Western_Wear,Top_Wear,T-Shirts,Casual,Half Sleeve,Round Neck,,Printed,Knit,Slim,,Cotton 100%   ,,Regular,,,,,,,,,T-SHIRTS,CREW NECK,NOOS,9022738003,,Knitted,ORIGINALS by JACK & JONES
,,Shree,902273801,JJECORP LOGO TEE SS O-NECK NOOS,"JJECORP LOGO TEE SS O-NECK NO, BLACK, XL",Black,D,Black,#000000,Other  ,X-Large,XL,,,8905944861613,INR,999,Core,NOS,2026,Denmark,61091000,0.05,Immediate,Men,International,Clothing,Western_Wear,Top_Wear,T-Shirts,Casual,Half Sleeve,Round Neck,,Printed,Knit,Slim,,Cotton 100%   ,,Regular,,,,,,,,,T-SHIRTS,CREW NECK,NOOS,9022738004,,Knitted,ORIGINALS by JACK & JONES
,,Shree,902273801,JJECORP LOGO TEE SS O-NECK NOOS,"JJECORP LOGO TEE SS O-NECK N, BLACK, XXL",Black,D,Black,#000000,Other  ,XX-Large,XXL,,,8905944861620,INR,999,Core,NOS,2026,Denmark,61091000,0.05,Immediate,Men,International,Clothing,Western_Wear,Top_Wear,T-Shirts,Casual,Half Sleeve,Round Neck,,Printed,Knit,Slim,,Cotton 100%   ,,Regular,,,,,,,,,T-SHIRTS,CREW NECK,NOOS,9022738005,,Knitted,ORIGINALS by JACK & JONES
,,Shree,902274001,JJECORP LOGO TEE SS O-NECK NOOS,"JJECORP LOGO TEE SS O-NECK NOO, BLACK, S",Black,D,Black,#000000,Other  ,Small,S,,,8905944861781,INR,999,Core,NOS,2026,Denmark,61091000,0.05,Immediate,Men,International,Clothing,Western_Wear,Top_Wear,T-Shirts,Casual,Half Sleeve,Round Neck,,Printed,Knit,Slim,,Cotton 100%   ,,Regular,,,,,,,,,T-SHIRTS,CREW NECK,NOOS,9022740001,,Knitted,ORIGINALS by JACK & JONES
,,Shree,902274001,JJECORP LOGO TEE SS O-NECK NOOS,"JJECORP LOGO TEE SS O-NECK NOO, BLACK, M",Black,D,Black,#000000,Other  ,Medium,M,,,8905944861798,INR,999,Core,NOS,2026,Denmark,61091000,0.05,Immediate,Men,International,Clothing,Western_Wear,Top_Wear,T-Shirts,Casual,Half Sleeve,Round Neck,,Printed,Knit,Slim,,Cotton 100%   ,,Regular,,,,,,,,,T-SHIRTS,CREW NECK,NOOS,9022740002,,Knitted,ORIGINALS by JACK & JONES
,,Shree,902274001,JJECORP LOGO TEE SS O-NECK NOOS,"JJECORP LOGO TEE SS O-NECK NOO, BLACK, L",Black,D,Black,#000000,Other  ,Large,L,,,8905944861804,INR,999,Core,NOS,2026,Denmark,61091000,0.05,Immediate,Men,International,Clothing,Western_Wear,Top_Wear,T-Shirts,Casual,Half Sleeve,Round Neck,,Printed,Knit,Slim,,Cotton 100%   ,,Regular,,,,,,,,,T-SHIRTS,CREW NECK,NOOS,9022740003,,Knitted,ORIGINALS by JACK & JONES
,,Shree,902274001,JJECORP LOGO TEE SS O-NECK NOOS,"JJECORP LOGO TEE SS O-NECK NO, BLACK, XL",Black,D,Black,#000000,Other  ,X-Large,XL,,,8905944861811,INR,999,Core,NOS,2026,Denmark,61091000,0.05,Immediate,Men,International,Clothing,Western_Wear,Top_Wear,T-Shirts,Casual,Half Sleeve,Round Neck,,Printed,Knit,Slim,,Cotton 100%   ,,Regular,,,,,,,,,T-SHIRTS,CREW NECK,NOOS,9022740004,,Knitted,ORIGINALS by JACK & JONES
,,Shree,902274001,JJECORP LOGO TEE SS O-NECK NOOS,"JJECORP LOGO TEE SS O-NECK N, BLACK, XXL",Black,D,Black,#000000,Other  ,XX-Large,XXL,,,8905944861828,INR,999,Core,NOS,2026,Denmark,61091000,0.05,Immediate,Men,International,Clothing,Western_Wear,Top_Wear,T-Shirts,Casual,Half Sleeve,Round Neck,,Printed,Knit,Slim,,Cotton 100%   ,,Regular,,,,,,,,,T-SHIRTS,CREW NECK,NOOS,9022740005,,Knitted,ORIGINALS by JACK & JONES
,,Shree,902274101,JJECORP LOGO TEE SS O-NECK NOOS,"JJECORP LOGO TEE SS O-NECK NOO, White, S",White,BQ,White,#FFFFFF,Other  ,Small,S,,,8905944861637,INR,999,Core,NOS,2026,Denmark,61091000,0.05,Immediate,Men,International,Clothing,Western_Wear,Top_Wear,T-Shirts,Casual,Half Sleeve,Round Neck,,Printed,Knit,Slim,,Cotton 100%   ,,Regular,,,,,,,,,T-SHIRTS,CREW NECK,NOOS,9022741001,,Knitted,ORIGINALS by JACK & JONES
,,Shree,902274101,JJECORP LOGO TEE SS O-NECK NOOS,"JJECORP LOGO TEE SS O-NECK NOO, White, M",White,BQ,White,#FFFFFF,Other  ,Medium,M,,,8905944861644,INR,999,Core,NOS,2026,Denmark,61091000,0.05,Immediate,Men,International,Clothing,Western_Wear,Top_Wear,T-Shirts,Casual,Half Sleeve,Round Neck,,Printed,Knit,Slim,,Cotton 100%   ,,Regular,,,,,,,,,T-SHIRTS,CREW NECK,NOOS,9022741002,,Knitted,ORIGINALS by JACK & JONES
,,Shree,902274101,JJECORP LOGO TEE SS O-NECK NOOS,"JJECORP LOGO TEE SS O-NECK NOO, White, L",White,BQ,White,#FFFFFF,Other  ,Large,L,,,8905944861651,INR,999,Core,NOS,2026,Denmark,61091000,0.05,Immediate,Men,International,Clothing,Western_Wear,Top_Wear,T-Shirts,Casual,Half Sleeve,Round Neck,,Printed,Knit,Slim,,Cotton 100%   ,,Regular,,,,,,,,,T-SHIRTS,CREW NECK,NOOS,9022741003,,Knitted,ORIGINALS by JACK & JONES
,,Shree,902274101,JJECORP LOGO TEE SS O-NECK NOOS,"JJECORP LOGO TEE SS O-NECK NO, White, XL",White,BQ,White,#FFFFFF,Other  ,X-Large,XL,,,8905944861668,INR,999,Core,NOS,2026,Denmark,61091000,0.05,Immediate,Men,International,Clothing,Western_Wear,Top_Wear,T-Shirts,Casual,Half Sleeve,Round Neck,,Printed,Knit,Slim,,Cotton 100%   ,,Regular,,,,,,,,,T-SHIRTS,CREW NECK,NOOS,9022741004,,Knitted,ORIGINALS by JACK & JONES
,,Shree,902274101,JJECORP LOGO TEE SS O-NECK NOOS,"JJECORP LOGO TEE SS O-NECK N, White, XXL",White,BQ,White,#FFFFFF,Other  ,XX-Large,XXL,,,8905944861675,INR,999,Core,NOS,2026,Denmark,61091000,0.05,Immediate,Men,International,Clothing,Western_Wear,Top_Wear,T-Shirts,Casual,Half Sleeve,Round Neck,,Printed,Knit,Slim,,Cotton 100%   ,,Regular,,,,,,,,,T-SHIRTS,CREW NECK,NOOS,9022741005,,Knitted,ORIGINALS by JACK & JONES
,,Shree,902274201,JJECORP LOGO TEE SS O-NECK NOOS,"JJECORP LOGO TEE SS O-NECK NOO, White, S",White,BQ,White,#FFFFFF,Other  ,Small,S,,,8905944861682,INR,999,Core,NOS,2026,Denmark,61091000,0.05,Immediate,Men,International,Clothing,Western_Wear,Top_Wear,T-Shirts,Casual,Half Sleeve,Round Neck,,Printed,Knit,Slim,,Cotton 100%   ,,Regular,,,,,,,,,T-SHIRTS,CREW NECK,NOOS,9022742001,,Knitted,ORIGINALS by JACK & JONES
,,Shree,902274201,JJECORP LOGO TEE SS O-NECK NOOS,"JJECORP LOGO TEE SS O-NECK NOO, White, M",White,BQ,White,#FFFFFF,Other  ,Medium,M,,,8905944861699,INR,999,Core,NOS,2026,Denmark,61091000,0.05,Immediate,Men,International,Clothing,Western_Wear,Top_Wear,T-Shirts,Casual,Half Sleeve,Round Neck,,Printed,Knit,Slim,,Cotton 100%   ,,Regular,,,,,,,,,T-SHIRTS,CREW NECK,NOOS,9022742002,,Knitted,ORIGINALS by JACK & JONES
,,Shree,902274201,JJECORP LOGO TEE SS O-NECK NOOS,"JJECORP LOGO TEE SS O-NECK NOO, White, L",White,BQ,White,#FFFFFF,Other  ,Large,L,,,8905944861705,INR,999,Core,NOS,2026,Denmark,61091000,0.05,Immediate,Men,International,Clothing,Western_Wear,Top_Wear,T-Shirts,Casual,Half Sleeve,Round Neck,,Printed,Knit,Slim,,Cotton 100%   ,,Regular,,,,,,,,,T-SHIRTS,CREW NECK,NOOS,9022742003,,Knitted,ORIGINALS by JACK & JONES
,,Shree,902274201,JJECORP LOGO TEE SS O-NECK NOOS,"JJECORP LOGO TEE SS O-NECK NO, White, XL",White,BQ,White,#FFFFFF,Other  ,X-Large,XL,,,8905944861712,INR,999,Core,NOS,2026,Denmark,61091000,0.05,Immediate,Men,International,Clothing,Western_Wear,Top_Wear,T-Shirts,Casual,Half Sleeve,Round Neck,,Printed,Knit,Slim,,Cotton 100%   ,,Regular,,,,,,,,,T-SHIRTS,CREW NECK,NOOS,9022742004,,Knitted,ORIGINALS by JACK & JONES
,,Shree,902274201,JJECORP LOGO TEE SS O-NECK NOOS,"JJECORP LOGO TEE SS O-NECK N, White, XXL",White,BQ,White,#FFFFFF,Other  ,XX-Large,XXL,,,8905944861729,INR,999,Core,NOS,2026,Denmark,61091000,0.05,Immediate,Men,International,Clothing,Western_Wear,Top_Wear,T-Shirts,Casual,Half Sleeve,Round Neck,,Printed,Knit,Slim,,Cotton 100%   ,,Regular,,,,,,,,,T-SHIRTS,CREW NECK,NOOS,9022742005,,Knitted,ORIGINALS by JACK & JONES
,,Shree,902274301,JJECORP LOGO TEE SS O-NECK NOOS,"JJECORP LOGO TEE SS O-NE, Navy Blazer, S",Navy Blazer,AX,Navy Blue,#000080,Other  ,Small,S,,,8905944861835,INR,999,Core,NOS,2026,Denmark,61091000,0.05,Immediate,Men,International,Clothing,Western_Wear,Top_Wear,T-Shirts,Casual,Half Sleeve,Round Neck,,Printed,Knit,Slim,,Cotton 100%   ,,Regular,,,,,,,,,T-SHIRTS,CREW NECK,NOOS,9022743001,,Knitted,ORIGINALS by JACK & JONES
,,Shree,902274301,JJECORP LOGO TEE SS O-NECK NOOS,"JJECORP LOGO TEE SS O-NE, Navy Blazer, M",Navy Blazer,AX,Navy Blue,#000080,Other  ,Medium,M,,,8905944861842,INR,999,Core,NOS,2026,Denmark,61091000,0.05,Immediate,Men,International,Clothing,Western_Wear,Top_Wear,T-Shirts,Casual,Half Sleeve,Round Neck,,Printed,Knit,Slim,,Cotton 100%   ,,Regular,,,,,,,,,T-SHIRTS,CREW NECK,NOOS,9022743002,,Knitted,ORIGINALS by JACK & JONES
,,Shree,902274301,JJECORP LOGO TEE SS O-NECK NOOS,"JJECORP LOGO TEE SS O-NE, Navy Blazer, L",Navy Blazer,AX,Navy Blue,#000080,Other  ,Large,L,,,8905944861859,INR,999,Core,NOS,2026,Denmark,61091000,0.05,Immediate,Men,International,Clothing,Western_Wear,Top_Wear,T-Shirts,Casual,Half Sleeve,Round Neck,,Printed,Knit,Slim,,Cotton 100%   ,,Regular,,,,,,,,,T-SHIRTS,CREW NECK,NOOS,9022743003,,Knitted,ORIGINALS by JACK & JONES
,,Shree,902274301,JJECORP LOGO TEE SS O-NECK NOOS,"JJECORP LOGO TEE SS O-N, Navy Blazer, XL",Navy Blazer,AX,Navy Blue,#000080,Other  ,X-Large,XL,,,8905944861866,INR,999,Core,NOS,2026,Denmark,61091000,0.05,Immediate,Men,International,Clothing,Western_Wear,Top_Wear,T-Shirts,Casual,Half Sleeve,Round Neck,,Printed,Knit,Slim,,Cotton 100%   ,,Regular,,,,,,,,,T-SHIRTS,CREW NECK,NOOS,9022743004,,Knitted,ORIGINALS by JACK & JONES
,,Shree,902274301,JJECORP LOGO TEE SS O-NECK NOOS,"JJECORP LOGO TEE SS O-, Navy Blazer, XXL",Navy Blazer,AX,Navy Blue,#000080,Other  ,XX-Large,XXL,,,8905944861873,INR,999,Core,NOS,2026,Denmark,61091000,0.05,Immediate,Men,International,Clothing,Western_Wear,Top_Wear,T-Shirts,Casual,Half Sleeve,Round Neck,,Printed,Knit,Slim,,Cotton 100%   ,,Regular,,,,,,,,,T-SHIRTS,CREW NECK,NOOS,9022743005,,Knitted,ORIGINALS by JACK & JONES
,,Shree,902273401,JJESTAR JJ TEE SS NOOS,"JJESTAR JJ TEE SS NOOS, White, S",White,BQ,White,#FFFFFF,Other  ,Small,S,,,8905944861880,INR,999,Core,NOS,2026,Denmark,61091000,0.05,Immediate,Men,International,Clothing,Western_Wear,Top_Wear,T-Shirts,Casual,Half Sleeve,Round Neck,,Printed,Knit,Boxy,,Cotton - In Conversion Direct to Farm 100%   ,,Regular,,,,,,,,,T-SHIRTS,CREW NECK,NOOS,9022734001,,Knitted,ORIGINALS by JACK & JONES
,,Shree,902273401,JJESTAR JJ TEE SS NOOS,"JJESTAR JJ TEE SS NOOS, White, M",White,BQ,White,#FFFFFF,Other  ,Medium,M,,,8905944861927,INR,999,Core,NOS,2026,Denmark,61091000,0.05,Immediate,Men,International,Clothing,Western_Wear,Top_Wear,T-Shirts,Casual,Half Sleeve,Round Neck,,Printed,Knit,Boxy,,Cotton - In Conversion Direct to Farm 100%   ,,Regular,,,,,,,,,T-SHIRTS,CREW NECK,NOOS,9022734005,,Knitted,ORIGINALS by JACK & JONES
,,Shree,902273401,JJESTAR JJ TEE SS NOOS,"JJESTAR JJ TEE SS NOOS, White, L",White,BQ,White,#FFFFFF,Other  ,Large,L,,,8905944861965,INR,999,Core,NOS,2026,Denmark,61091000,0.05,Immediate,Men,International,Clothing,Western_Wear,Top_Wear,T-Shirts,Casual,Half Sleeve,Round Neck,,Printed,Knit,Boxy,,Cotton - In Conversion Direct to Farm 100%   ,,Regular,,,,,,,,,T-SHIRTS,CREW NECK,NOOS,9022734009,,Knitted,ORIGINALS by JACK & JONES
,,Shree,902273401,JJESTAR JJ TEE SS NOOS,"JJESTAR JJ TEE SS NOOS, White, XL",White,BQ,White,#FFFFFF,Other  ,X-Large,XL,,,8905944862009,INR,999,Core,NOS,2026,Denmark,61091000,0.05,Immediate,Men,International,Clothing,Western_Wear,Top_Wear,T-Shirts,Casual,Half Sleeve,Round Neck,,Printed,Knit,Boxy,,Cotton - In Conversion Direct to Farm 100%   ,,Regular,,,,,,,,,T-SHIRTS,CREW NECK,NOOS,9022734013,,Knitted,ORIGINALS by JACK & JONES
,,Shree,902273401,JJESTAR JJ TEE SS NOOS,"JJESTAR JJ TEE SS NOOS, White, XXL",White,BQ,White,#FFFFFF,Other  ,XX-Large,XXL,,,8905944862047,INR,999,Core,NOS,2026,Denmark,61091000,0.05,Immediate,Men,International,Clothing,Western_Wear,Top_Wear,T-Shirts,Casual,Half Sleeve,Round Neck,,Printed,Knit,Boxy,,Cotton - In Conversion Direct to Farm 100%   ,,Regular,,,,,,,,,T-SHIRTS,CREW NECK,NOOS,9022734017,,Knitted,ORIGINALS by JACK & JONES
,,Shree,902273402,JJESTAR JJ TEE SS NOOS,"JJESTAR JJ TEE SS NOOS, Dark Navy, S",Dark Navy,AX,Navy Blue,#000080,Other  ,Small,S,,,8905944861897,INR,999,Core,NOS,2026,Denmark,61091000,0.05,Immediate,Men,International,Clothing,Western_Wear,Top_Wear,T-Shirts,Casual,Half Sleeve,Round Neck,,Printed,Knit,Boxy,,Cotton - In Conversion Direct to Farm 100%   ,,Regular,,,,,,,,,T-SHIRTS,CREW NECK,NOOS,9022734002,,Knitted,ORIGINALS by JACK & JONES
,,Shree,902273402,JJESTAR JJ TEE SS NOOS,"JJESTAR JJ TEE SS NOOS, Dark Navy, M",Dark Navy,AX,Navy Blue,#000080,Other  ,Medium,M,,,8905944861934,INR,999,Core,NOS,2026,Denmark,61091000,0.05,Immediate,Men,International,Clothing,Western_Wear,Top_Wear,T-Shirts,Casual,Half Sleeve,Round Neck,,Printed,Knit,Boxy,,Cotton - In Conversion Direct to Farm 100%   ,,Regular,,,,,,,,,T-SHIRTS,CREW NECK,NOOS,9022734006,,Knitted,ORIGINALS by JACK & JONES
,,Shree,902273402,JJESTAR JJ TEE SS NOOS,"JJESTAR JJ TEE SS NOOS, Dark Navy, L",Dark Navy,AX,Navy Blue,#000080,Other  ,Large,L,,,8905944861972,INR,999,Core,NOS,2026,Denmark,61091000,0.05,Immediate,Men,International,Clothing,Western_Wear,Top_Wear,T-Shirts,Casual,Half Sleeve,Round Neck,,Printed,Knit,Boxy,,Cotton - In Conversion Direct to Farm 100%   ,,Regular,,,,,,,,,T-SHIRTS,CREW NECK,NOOS,9022734010,,Knitted,ORIGINALS by JACK & JONES
,,Shree,902273402,JJESTAR JJ TEE SS NOOS,"JJESTAR JJ TEE SS NOOS, Dark Navy, XL",Dark Navy,AX,Navy Blue,#000080,Other  ,X-Large,XL,,,8905944862016,INR,999,Core,NOS,2026,Denmark,61091000,0.05,Immediate,Men,International,Clothing,Western_Wear,Top_Wear,T-Shirts,Casual,Half Sleeve,Round Neck,,Printed,Knit,Boxy,,Cotton - In Conversion Direct to Farm 100%   ,,Regular,,,,,,,,,T-SHIRTS,CREW NECK,NOOS,9022734014,,Knitted,ORIGINALS by JACK & JONES
,,Shree,902273402,JJESTAR JJ TEE SS NOOS,"JJESTAR JJ TEE SS NOOS, Dark Navy, XXL",Dark Navy,AX,Navy Blue,#000080,Other  ,XX-Large,XXL,,,8905944862054,INR,999,Core,NOS,2026,Denmark,61091000,0.05,Immediate,Men,International,Clothing,Western_Wear,Top_Wear,T-Shirts,Casual,Half Sleeve,Round Neck,,Printed,Knit,Boxy,,Cotton - In Conversion Direct to Farm 100%   ,,Regular,,,,,,,,,T-SHIRTS,CREW NECK,NOOS,9022734018,,Knitted,ORIGINALS by JACK & JONES
,,Shree,902273403,JJESTAR JJ TEE SS NOOS,"JJESTAR JJ TEE SS NOOS, Moonbeam, S",Moonbeam,AH,Light Beige,#e1c699,Other  ,Small,S,,,8905944861903,INR,999,Core,NOS,2026,Denmark,61091000,0.05,Immediate,Men,International,Clothing,Western_Wear,Top_Wear,T-Shirts,Casual,Half Sleeve,Round Neck,,Printed,Knit,Boxy,,Cotton - In Conversion Direct to Farm 100%   ,,Regular,,,,,,,,,T-SHIRTS,CREW NECK,NOOS,9022734003,,Knitted,ORIGINALS by JACK & JONES
,,Shree,902273403,JJESTAR JJ TEE SS NOOS,"JJESTAR JJ TEE SS NOOS, Moonbeam, M",Moonbeam,AH,Light Beige,#e1c699,Other  ,Medium,M,,,8905944861941,INR,999,Core,NOS,2026,Denmark,61091000,0.05,Immediate,Men,International,Clothing,Western_Wear,Top_Wear,T-Shirts,Casual,Half Sleeve,Round Neck,,Printed,Knit,Boxy,,Cotton - In Conversion Direct to Farm 100%   ,,Regular,,,,,,,,,T-SHIRTS,CREW NECK,NOOS,9022734007,,Knitted,ORIGINALS by JACK & JONES
,,Shree,902273403,JJESTAR JJ TEE SS NOOS,"JJESTAR JJ TEE SS NOOS, Moonbeam, L",Moonbeam,AH,Light Beige,#e1c699,Other  ,Large,L,,,8905944861989,INR,999,Core,NOS,2026,Denmark,61091000,0.05,Immediate,Men,International,Clothing,Western_Wear,Top_Wear,T-Shirts,Casual,Half Sleeve,Round Neck,,Printed,Knit,Boxy,,Cotton - In Conversion Direct to Farm 100%   ,,Regular,,,,,,,,,T-SHIRTS,CREW NECK,NOOS,9022734011,,Knitted,ORIGINALS by JACK & JONES
,,Shree,902273403,JJESTAR JJ TEE SS NOOS,"JJESTAR JJ TEE SS NOOS, Moonbeam, XL",Moonbeam,AH,Light Beige,#e1c699,Other  ,X-Large,XL,,,8905944862023,INR,999,Core,NOS,2026,Denmark,61091000,0.05,Immediate,Men,International,Clothing,Western_Wear,Top_Wear,T-Shirts,Casual,Half Sleeve,Round Neck,,Printed,Knit,Boxy,,Cotton - In Conversion Direct to Farm 100%   ,,Regular,,,,,,,,,T-SHIRTS,CREW NECK,NOOS,9022734015,,Knitted,ORIGINALS by JACK & JONES
,,Shree,902273403,JJESTAR JJ TEE SS NOOS,"JJESTAR JJ TEE SS NOOS, Moonbeam, XXL",Moonbeam,AH,Light Beige,#e1c699,Other  ,XX-Large,XXL,,,8905944862061,INR,999,Core,NOS,2026,Denmark,61091000,0.05,Immediate,Men,International,Clothing,Western_Wear,Top_Wear,T-Shirts,Casual,Half Sleeve,Round Neck,,Printed,Knit,Boxy,,Cotton - In Conversion Direct to Farm 100%   ,,Regular,,,,,,,,,T-SHIRTS,CREW NECK,NOOS,9022734019,,Knitted,ORIGINALS by JACK & JONES
,,Shree,902273404,JJESTAR JJ TEE SS NOOS,"JJESTAR JJ TEE SS NOOS, BLACK, S",Black,D,Black,#000000,Other  ,Small,S,,,8905944861910,INR,999,Core,NOS,2026,Denmark,61091000,0.05,Immediate,Men,International,Clothing,Western_Wear,Top_Wear,T-Shirts,Casual,Half Sleeve,Round Neck,,Printed,Knit,Boxy,,Cotton - In Conversion Direct to Farm 100%   ,,Regular,,,,,,,,,T-SHIRTS,CREW NECK,NOOS,9022734004,,Knitted,ORIGINALS by JACK & JONES
,,Shree,902273404,JJESTAR JJ TEE SS NOOS,"JJESTAR JJ TEE SS NOOS, BLACK, M",Black,D,Black,#000000,Other  ,Medium,M,,,8905944861958,INR,999,Core,NOS,2026,Denmark,61091000,0.05,Immediate,Men,International,Clothing,Western_Wear,Top_Wear,T-Shirts,Casual,Half Sleeve,Round Neck,,Printed,Knit,Boxy,,Cotton - In Conversion Direct to Farm 100%   ,,Regular,,,,,,,,,T-SHIRTS,CREW NECK,NOOS,9022734008,,Knitted,ORIGINALS by JACK & JONES
,,Shree,902273404,JJESTAR JJ TEE SS NOOS,"JJESTAR JJ TEE SS NOOS, BLACK, L",Black,D,Black,#000000,Other  ,Large,L,,,8905944861996,INR,999,Core,NOS,2026,Denmark,61091000,0.05,Immediate,Men,International,Clothing,Western_Wear,Top_Wear,T-Shirts,Casual,Half Sleeve,Round Neck,,Printed,Knit,Boxy,,Cotton - In Conversion Direct to Farm 100%   ,,Regular,,,,,,,,,T-SHIRTS,CREW NECK,NOOS,9022734012,,Knitted,ORIGINALS by JACK & JONES
,,Shree,902273404,JJESTAR JJ TEE SS NOOS,"JJESTAR JJ TEE SS NOOS, BLACK, XL",Black,D,Black,#000000,Other  ,X-Large,XL,,,8905944862030,INR,999,Core,NOS,2026,Denmark,61091000,0.05,Immediate,Men,International,Clothing,Western_Wear,Top_Wear,T-Shirts,Casual,Half Sleeve,Round Neck,,Printed,Knit,Boxy,,Cotton - In Conversion Direct to Farm 100%   ,,Regular,,,,,,,,,T-SHIRTS,CREW NECK,NOOS,9022734016,,Knitted,ORIGINALS by JACK & JONES
,,Shree,902273404,JJESTAR JJ TEE SS NOOS,"JJESTAR JJ TEE SS NOOS, BLACK, XXL",Black,D,Black,#000000,Other  ,XX-Large,XXL,,,8905944862078,INR,999,Core,NOS,2026,Denmark,61091000,0.05,Immediate,Men,International,Clothing,Western_Wear,Top_Wear,T-Shirts,Casual,Half Sleeve,Round Neck,,Printed,Knit,Boxy,,Cotton - In Conversion Direct to Farm 100%   ,,Regular,,,,,,,,,T-SHIRTS,CREW NECK,NOOS,9022734020,,Knitted,ORIGINALS by JACK & JONES
,,Shree,280182702,JJCO CIARANAO TSHIRT SS NOOS,"JJCO CIARANAO TSHIR, Brilliant white, XS",Brilliant white,BQ,White,#FFFFFF,Other  ,X-Small,XS,,,8905944532391,INR,1499,Core,NOS,2026,India,61091000,0.05,Immediate,Men,International,Clothing,Western_Wear,Top_Wear,T-Shirts,Casual,Half Sleeve,Round Neck,Crew Neck,NA,Knit,Slim,,Cotton 55% Polyester - Recycled 45%  ,,Regular,,,,,,,,,T-SHIRTS,CREW NECK,NOOS,2801827066,,Knitted,CORE by JACK & JONES
,,Shree,280182702,JJCO CIARANAO TSHIRT SS NOOS,"JJCO CIARANAO TSHIRT, Brilliant white, S",Brilliant white,BQ,White,#FFFFFF,Other  ,Small,S,,,5715513647813,INR,1499,Core,NOS,2026,India,61091000,0.05,Immediate,Men,International,Clothing,Western_Wear,Top_Wear,T-Shirts,Casual,Half Sleeve,Round Neck,Crew Neck,NA,Knit,Slim,,Cotton 55% Polyester - Recycled 45%  ,,Regular,,,,,,,,,T-SHIRTS,CREW NECK,NOOS,2801827006,,Knitted,CORE by JACK & JONES
,,Shree,280182702,JJCO CIARANAO TSHIRT SS NOOS,"JJCO CIARANAO TSHIRT, Brilliant white, M",Brilliant white,BQ,White,#FFFFFF,Other  ,Medium,M,,,5715513647820,INR,1499,Core,NOS,2026,India,61091000,0.05,Immediate,Men,International,Clothing,Western_Wear,Top_Wear,T-Shirts,Casual,Half Sleeve,Round Neck,Crew Neck,NA,Knit,Slim,,Cotton 55% Polyester - Recycled 45%  ,,Regular,,,,,,,,,T-SHIRTS,CREW NECK,NOOS,2801827007,,Knitted,CORE by JACK & JONES
,,Shree,280182702,JJCO CIARANAO TSHIRT SS NOOS,"JJCO CIARANAO TSHIRT, Brilliant white, L",Brilliant white,BQ,White,#FFFFFF,Other  ,Large,L,,,5715513647837,INR,1499,Core,NOS,2026,India,61091000,0.05,Immediate,Men,International,Clothing,Western_Wear,Top_Wear,T-Shirts,Casual,Half Sleeve,Round Neck,Crew Neck,NA,Knit,Slim,,Cotton 55% Polyester - Recycled 45%  ,,Regular,,,,,,,,,T-SHIRTS,CREW NECK,NOOS,2801827008,,Knitted,CORE by JACK & JONES
,,Shree,280182702,JJCO CIARANAO TSHIRT SS NOOS,"JJCO CIARANAO TSHIR, Brilliant white, XL",Brilliant white,BQ,White,#FFFFFF,Other  ,X-Large,XL,,,5715513647844,INR,1499,Core,NOS,2026,India,61091000,0.05,Immediate,Men,International,Clothing,Western_Wear,Top_Wear,T-Shirts,Casual,Half Sleeve,Round Neck,Crew Neck,NA,Knit,Slim,,Cotton 55% Polyester - Recycled 45%  ,,Regular,,,,,,,,,T-SHIRTS,CREW NECK,NOOS,2801827009,,Knitted,CORE by JACK & JONES
,,Shree,280182702,JJCO CIARANAO TSHIRT SS NOOS,"JJCO CIARANAO TSHI, Brilliant white, XXL",Brilliant white,BQ,White,#FFFFFF,Other  ,XX-Large,XXL,,,5715513647851,INR,1499,Core,NOS,2026,India,61091000,0.05,Immediate,Men,International,Clothing,Western_Wear,Top_Wear,T-Shirts,Casual,Half Sleeve,Round Neck,Crew Neck,NA,Knit,Slim,,Cotton 55% Polyester - Recycled 45%  ,,Regular,,,,,,,,,T-SHIRTS,CREW NECK,NOOS,2801827010,,Knitted,CORE by JACK & JONES
,,Shree,280182703,JJCO CIARANAO TSHIRT SS NOOS,"JJCO CIARANAO TSHIRT SS N, Jet Black, XS",Jet Black,D,Black,#000000,Other  ,X-Small,XS,,,8905944532377,INR,1499,Core,NOS,2026,India,61091000,0.05,Immediate,Men,International,Clothing,Western_Wear,Top_Wear,T-Shirts,Casual,Half Sleeve,Round Neck,Crew Neck,NA,Knit,Slim,,Cotton 55% Polyester - Recycled 45%  ,,Regular,,,,,,,,,T-SHIRTS,CREW NECK,NOOS,2801827064,,Knitted,CORE by JACK & JONES
,,Shree,280182703,JJCO CIARANAO TSHIRT SS NOOS,"JJCO CIARANAO TSHIRT SS NO, Jet Black, S",Jet Black,D,Black,#000000,Other  ,Small,S,,,5715513647868,INR,1499,Core,NOS,2026,India,61091000,0.05,Immediate,Men,International,Clothing,Western_Wear,Top_Wear,T-Shirts,Casual,Half Sleeve,Round Neck,Crew Neck,NA,Knit,Slim,,Cotton 55% Polyester - Recycled 45%  ,,Regular,,,,,,,,,T-SHIRTS,CREW NECK,NOOS,2801827011,,Knitted,CORE by JACK & JONES
,,Shree,280182703,JJCO CIARANAO TSHIRT SS NOOS,"JJCO CIARANAO TSHIRT SS NO, Jet Black, M",Jet Black,D,Black,#000000,Other  ,Medium,M,,,5715513647875,INR,1499,Core,NOS,2026,India,61091000,0.05,Immediate,Men,International,Clothing,Western_Wear,Top_Wear,T-Shirts,Casual,Half Sleeve,Round Neck,Crew Neck,NA,Knit,Slim,,Cotton 55% Polyester - Recycled 45%  ,,Regular,,,,,,,,,T-SHIRTS,CREW NECK,NOOS,2801827012,,Knitted,CORE by JACK & JONES
,,Shree,280182703,JJCO CIARANAO TSHIRT SS NOOS,"JJCO CIARANAO TSHIRT SS NO, Jet Black, L",Jet Black,D,Black,#000000,Other  ,Large,L,,,5715513647882,INR,1499,Core,NOS,2026,India,61091000,0.05,Immediate,Men,International,Clothing,Western_Wear,Top_Wear,T-Shirts,Casual,Half Sleeve,Round Neck,Crew Neck,NA,Knit,Slim,,Cotton 55% Polyester - Recycled 45%  ,,Regular,,,,,,,,,T-SHIRTS,CREW NECK,NOOS,2801827013,,Knitted,CORE by JACK & JONES
,,Shree,280182703,JJCO CIARANAO TSHIRT SS NOOS,"JJCO CIARANAO TSHIRT SS N, Jet Black, XL",Jet Black,D,Black,#000000,Other  ,X-Large,XL,,,5715513647899,INR,1499,Core,NOS,2026,India,61091000,0.05,Immediate,Men,International,Clothing,Western_Wear,Top_Wear,T-Shirts,Casual,Half Sleeve,Round Neck,Crew Neck,NA,Knit,Slim,,Cotton 55% Polyester - Recycled 45%  ,,Regular,,,,,,,,,T-SHIRTS,CREW NECK,NOOS,2801827014,,Knitted,CORE by JACK & JONES
,,Shree,280182703,JJCO CIARANAO TSHIRT SS NOOS,"JJCO CIARANAO TSHIRT SS, Jet Black, XXL",Jet Black,D,Black,#000000,Other  ,XX-Large,XXL,,,5715513647905,INR,1499,Core,NOS,2026,India,61091000,0.05,Immediate,Men,International,Clothing,Western_Wear,Top_Wear,T-Shirts,Casual,Half Sleeve,Round Neck,Crew Neck,NA,Knit,Slim,,Cotton 55% Polyester - Recycled 45%  ,,Regular,,,,,,,,,T-SHIRTS,CREW NECK,NOOS,2801827015,,Knitted,CORE by JACK & JONES
,,Shree,280182705,JJCO CIARANAO TSHIRT SS NOOS,"JJCO CIARANAO TSHIRT S, Bombay Brown, XS",Bombay Brown,H,Brown,#A52A2A,Other  ,X-Small,XS,,,8905944532360,INR,1499,Core,NOS,2026,India,61091000,0.05,Immediate,Men,International,Clothing,Western_Wear,Top_Wear,T-Shirts,Casual,Half Sleeve,Round Neck,Crew Neck,NA,Knit,Slim,,Cotton 55% Polyester - Recycled 45%  ,,Regular,,,,,,,,,T-SHIRTS,CREW NECK,NOOS,2801827063,,Knitted,CORE by JACK & JONES
,,Shree,280182705,JJCO CIARANAO TSHIRT SS NOOS,"JJCO CIARANAO TSHIRT SS, Bombay Brown, S",Bombay Brown,H,Brown,#A52A2A,Other  ,Small,S,,,5715514473749,INR,1499,Core,NOS,2026,India,61091000,0.05,Immediate,Men,International,Clothing,Western_Wear,Top_Wear,T-Shirts,Casual,Half Sleeve,Round Neck,Crew Neck,NA,Knit,Slim,,Cotton 55% Polyester - Recycled 45%  ,,Regular,,,,,,,,,T-SHIRTS,CREW NECK,NOOS,2801827024,,Knitted,CORE by JACK & JONES
,,Shree,280182705,JJCO CIARANAO TSHIRT SS NOOS,"JJCO CIARANAO TSHIRT SS, Bombay Brown, M",Bombay Brown,H,Brown,#A52A2A,Other  ,Medium,M,,,5715514473756,INR,1499,Core,NOS,2026,India,61091000,0.05,Immediate,Men,International,Clothing,Western_Wear,Top_Wear,T-Shirts,Casual,Half Sleeve,Round Neck,Crew Neck,NA,Knit,Slim,,Cotton 55% Polyester - Recycled 45%  ,,Regular,,,,,,,,,T-SHIRTS,CREW NECK,NOOS,2801827027,,Knitted,CORE by JACK & JONES
,,Shree,280182705,JJCO CIARANAO TSHIRT SS NOOS,"JJCO CIARANAO TSHIRT SS, Bombay Brown, L",Bombay Brown,H,Brown,#A52A2A,Other  ,Large,L,,,5715514473763,INR,1499,Core,NOS,2026,India,61091000,0.05,Immediate,Men,International,Clothing,Western_Wear,Top_Wear,T-Shirts,Casual,Half Sleeve,Round Neck,Crew Neck,NA,Knit,Slim,,Cotton 55% Polyester - Recycled 45%  ,,Regular,,,,,,,,,T-SHIRTS,CREW NECK,NOOS,2801827026,,Knitted,CORE by JACK & JONES
,,Shree,280182705,JJCO CIARANAO TSHIRT SS NOOS,"JJCO CIARANAO TSHIRT S, Bombay Brown, XL",Bombay Brown,H,Brown,#A52A2A,Other  ,X-Large,XL,,,5715514473770,INR,1499,Core,NOS,2026,India,61091000,0.05,Immediate,Men,International,Clothing,Western_Wear,Top_Wear,T-Shirts,Casual,Half Sleeve,Round Neck,Crew Neck,NA,Knit,Slim,,Cotton 55% Polyester - Recycled 45%  ,,Regular,,,,,,,,,T-SHIRTS,CREW NECK,NOOS,2801827028,,Knitted,CORE by JACK & JONES
,,Shree,280182705,JJCO CIARANAO TSHIRT SS NOOS,"JJCO CIARANAO TSHIRT, Bombay Brown, XXL",Bombay Brown,H,Brown,#A52A2A,Other  ,XX-Large,XXL,,,5715514473787,INR,1499,Core,NOS,2026,India,61091000,0.05,Immediate,Men,International,Clothing,Western_Wear,Top_Wear,T-Shirts,Casual,Half Sleeve,Round Neck,Crew Neck,NA,Knit,Slim,,Cotton 55% Polyester - Recycled 45%  ,,Regular,,,,,,,,,T-SHIRTS,CREW NECK,NOOS,2801827021,,Knitted,CORE by JACK & JONES
,,Shree,280182707,JJCO CIARANAO TSHIRT SS NOOS,"JJCO CIARANAO TSHIRT S, Golden Brown, XS",Golden Brown,H,Brown,#A52A2A,Other  ,X-Small,XS,,,8905944532353,INR,1499,Core,NOS,2026,India,61091000,0.05,Immediate,Men,International,Clothing,Western_Wear,Top_Wear,T-Shirts,Casual,Half Sleeve,Round Neck,Crew Neck,NA,Knit,Slim,,Cotton 55% Polyester - Recycled 45%  ,,Regular,,,,,,,,,T-SHIRTS,CREW NECK,NOOS,2801827062,,Knitted,CORE by JACK & JONES
,,Shree,280182707,JJCO CIARANAO TSHIRT SS NOOS,"JJCO CIARANAO TSHIRT SS, Golden Brown, S",Golden Brown,H,Brown,#A52A2A,Other  ,Small,S,,,5715514473794,INR,1499,Core,NOS,2026,India,61091000,0.05,Immediate,Men,International,Clothing,Western_Wear,Top_Wear,T-Shirts,Casual,Half Sleeve,Round Neck,Crew Neck,NA,Knit,Slim,,Cotton 55% Polyester - Recycled 45%  ,,Regular,,,,,,,,,T-SHIRTS,CREW NECK,NOOS,2801827031,,Knitted,CORE by JACK & JONES
,,Shree,280182707,JJCO CIARANAO TSHIRT SS NOOS,"JJCO CIARANAO TSHIRT SS, Golden Brown, M",Golden Brown,H,Brown,#A52A2A,Other  ,Medium,M,,,5715514473800,INR,1499,Core,NOS,2026,India,61091000,0.05,Immediate,Men,International,Clothing,Western_Wear,Top_Wear,T-Shirts,Casual,Half Sleeve,Round Neck,Crew Neck,NA,Knit,Slim,,Cotton 55% Polyester - Recycled 45%  ,,Regular,,,,,,,,,T-SHIRTS,CREW NECK,NOOS,2801827035,,Knitted,CORE by JACK & JONES
,,Shree,280182707,JJCO CIARANAO TSHIRT SS NOOS,"JJCO CIARANAO TSHIRT SS, Golden Brown, L",Golden Brown,H,Brown,#A52A2A,Other  ,Large,L,,,5715514473817,INR,1499,Core,NOS,2026,India,61091000,0.05,Immediate,Men,International,Clothing,Western_Wear,Top_Wear,T-Shirts,Casual,Half Sleeve,Round Neck,Crew Neck,NA,Knit,Slim,,Cotton 55% Polyester - Recycled 45%  ,,Regular,,,,,,,,,T-SHIRTS,CREW NECK,NOOS,2801827025,,Knitted,CORE by JACK & JONES
,,Shree,280182707,JJCO CIARANAO TSHIRT SS NOOS,"JJCO CIARANAO TSHIRT S, Golden Brown, XL",Golden Brown,H,Brown,#A52A2A,Other  ,X-Large,XL,,,5715514473824,INR,1499,Core,NOS,2026,India,61091000,0.05,Immediate,Men,International,Clothing,Western_Wear,Top_Wear,T-Shirts,Casual,Half Sleeve,Round Neck,Crew Neck,NA,Knit,Slim,,Cotton 55% Polyester - Recycled 45%  ,,Regular,,,,,,,,,T-SHIRTS,CREW NECK,NOOS,2801827032,,Knitted,CORE by JACK & JONES
,,Shree,280182707,JJCO CIARANAO TSHIRT SS NOOS,"JJCO CIARANAO TSHIRT, Golden Brown, XXL",Golden Brown,H,Brown,#A52A2A,Other  ,XX-Large,XXL,,,5715514473831,INR,1499,Core,NOS,2026,India,61091000,0.05,Immediate,Men,International,Clothing,Western_Wear,Top_Wear,T-Shirts,Casual,Half Sleeve,Round Neck,Crew Neck,NA,Knit,Slim,,Cotton 55% Polyester - Recycled 45%  ,,Regular,,,,,,,,,T-SHIRTS,CREW NECK,NOOS,2801827030,,Knitted,CORE by JACK & JONES
,,Shree,280182708,JJCO CIARANAO TSHIRT SS NOOS,"JJCO CIARANAO TSHIRT SS N, Iron Gate, XS",Iron Gate,T,Dark Grey,#a9a9a9,Other  ,X-Small,XS,,,8905944532292,INR,1499,Core,NOS,2026,India,61091000,0.05,Immediate,Men,International,Clothing,Western_Wear,Top_Wear,T-Shirts,Casual,Half Sleeve,Round Neck,Crew Neck,NA,Knit,Slim,,Cotton 55% Polyester - Recycled 45%  ,,Regular,,,,,,,,,T-SHIRTS,CREW NECK,NOOS,2801827056,,Knitted,CORE by JACK & JONES
,,Shree,280182708,JJCO CIARANAO TSHIRT SS NOOS,"JJCO CIARANAO TSHIRT SS NO, Iron Gate, S",Iron Gate,T,Dark Grey,#a9a9a9,Other  ,Small,S,,,8905944507160,INR,1499,Core,NOS,2026,India,61091000,0.05,Immediate,Men,International,Clothing,Western_Wear,Top_Wear,T-Shirts,Casual,Half Sleeve,Round Neck,Crew Neck,NA,Knit,Slim,,Cotton 55% Polyester - Recycled 45%  ,,Regular,,,,,,,,,T-SHIRTS,CREW NECK,NOOS,2801827036,,Knitted,CORE by JACK & JONES
,,Shree,280182708,JJCO CIARANAO TSHIRT SS NOOS,"JJCO CIARANAO TSHIRT SS NO, Iron Gate, M",Iron Gate,T,Dark Grey,#a9a9a9,Other  ,Medium,M,,,8905944507207,INR,1499,Core,NOS,2026,India,61091000,0.05,Immediate,Men,International,Clothing,Western_Wear,Top_Wear,T-Shirts,Casual,Half Sleeve,Round Neck,Crew Neck,NA,Knit,Slim,,Cotton 55% Polyester - Recycled 45%  ,,Regular,,,,,,,,,T-SHIRTS,CREW NECK,NOOS,2801827040,,Knitted,CORE by JACK & JONES
,,Shree,280182708,JJCO CIARANAO TSHIRT SS NOOS,"JJCO CIARANAO TSHIRT SS NO, Iron Gate, L",Iron Gate,T,Dark Grey,#a9a9a9,Other  ,Large,L,,,8905944507245,INR,1499,Core,NOS,2026,India,61091000,0.05,Immediate,Men,International,Clothing,Western_Wear,Top_Wear,T-Shirts,Casual,Half Sleeve,Round Neck,Crew Neck,NA,Knit,Slim,,Cotton 55% Polyester - Recycled 45%  ,,Regular,,,,,,,,,T-SHIRTS,CREW NECK,NOOS,2801827044,,Knitted,CORE by JACK & JONES
,,Shree,280182708,JJCO CIARANAO TSHIRT SS NOOS,"JJCO CIARANAO TSHIRT SS N, Iron Gate, XL",Iron Gate,T,Dark Grey,#a9a9a9,Other  ,X-Large,XL,,,8905944507283,INR,1499,Core,NOS,2026,India,61091000,0.05,Immediate,Men,International,Clothing,Western_Wear,Top_Wear,T-Shirts,Casual,Half Sleeve,Round Neck,Crew Neck,NA,Knit,Slim,,Cotton 55% Polyester - Recycled 45%  ,,Regular,,,,,,,,,T-SHIRTS,CREW NECK,NOOS,2801827048,,Knitted,CORE by JACK & JONES
,,Shree,280182708,JJCO CIARANAO TSHIRT SS NOOS,"JJCO CIARANAO TSHIRT SS, Iron Gate, XXL",Iron Gate,T,Dark Grey,#a9a9a9,Other  ,XX-Large,XXL,,,8905944507320,INR,1499,Core,NOS,2026,India,61091000,0.05,Immediate,Men,International,Clothing,Western_Wear,Top_Wear,T-Shirts,Casual,Half Sleeve,Round Neck,Crew Neck,NA,Knit,Slim,,Cotton 55% Polyester - Recycled 45%  ,,Regular,,,,,,,,,T-SHIRTS,CREW NECK,NOOS,2801827052,,Knitted,CORE by JACK & JONES
,,Shree,280182709,JJCO CIARANAO TSHIRT SS NOOS,"JJCO CIARANAO TSHIRT, Iceberg Green, XS",Iceberg Green,AK,Light Green,#90ee90,Other  ,X-Small,XS,,,8905944532315,INR,1499,Core,NOS,2026,India,61091000,0.05,Immediate,Men,International,Clothing,Western_Wear,Top_Wear,T-Shirts,Casual,Half Sleeve,Round Neck,Crew Neck,NA,Knit,Slim,,Cotton 55% Polyester - Recycled 45%  ,,Regular,,,,,,,,,T-SHIRTS,CREW NECK,NOOS,2801827058,,Knitted,CORE by JACK & JONES
,,Shree,280182709,JJCO CIARANAO TSHIRT SS NOOS,"JJCO CIARANAO TSHIRT S, Iceberg Green, S",Iceberg Green,AK,Light Green,#90ee90,Other  ,Small,S,,,8905944507177,INR,1499,Core,NOS,2026,India,61091000,0.05,Immediate,Men,International,Clothing,Western_Wear,Top_Wear,T-Shirts,Casual,Half Sleeve,Round Neck,Crew Neck,NA,Knit,Slim,,Cotton 55% Polyester - Recycled 45%  ,,Regular,,,,,,,,,T-SHIRTS,CREW NECK,NOOS,2801827037,,Knitted,CORE by JACK & JONES
,,Shree,280182709,JJCO CIARANAO TSHIRT SS NOOS,"JJCO CIARANAO TSHIRT S, Iceberg Green, M",Iceberg Green,AK,Light Green,#90ee90,Other  ,Medium,M,,,8905944507214,INR,1499,Core,NOS,2026,India,61091000,0.05,Immediate,Men,International,Clothing,Western_Wear,Top_Wear,T-Shirts,Casual,Half Sleeve,Round Neck,Crew Neck,NA,Knit,Slim,,Cotton 55% Polyester - Recycled 45%  ,,Regular,,,,,,,,,T-SHIRTS,CREW NECK,NOOS,2801827041,,Knitted,CORE by JACK & JONES
,,Shree,280182709,JJCO CIARANAO TSHIRT SS NOOS,"JJCO CIARANAO TSHIRT S, Iceberg Green, L",Iceberg Green,AK,Light Green,#90ee90,Other  ,Large,L,,,8905944507252,INR,1499,Core,NOS,2026,India,61091000,0.05,Immediate,Men,International,Clothing,Western_Wear,Top_Wear,T-Shirts,Casual,Half Sleeve,Round Neck,Crew Neck,NA,Knit,Slim,,Cotton 55% Polyester - Recycled 45%  ,,Regular,,,,,,,,,T-SHIRTS,CREW NECK,NOOS,2801827045,,Knitted,CORE by JACK & JONES
,,Shree,280182709,JJCO CIARANAO TSHIRT SS NOOS,"JJCO CIARANAO TSHIRT, Iceberg Green, XL",Iceberg Green,AK,Light Green,#90ee90,Other  ,X-Large,XL,,,8905944507290,INR,1499,Core,NOS,2026,India,61091000,0.05,Immediate,Men,International,Clothing,Western_Wear,Top_Wear,T-Shirts,Casual,Half Sleeve,Round Neck,Crew Neck,NA,Knit,Slim,,Cotton 55% Polyester - Recycled 45%  ,,Regular,,,,,,,,,T-SHIRTS,CREW NECK,NOOS,2801827049,,Knitted,CORE by JACK & JONES
,,Shree,280182709,JJCO CIARANAO TSHIRT SS NOOS,"JJCO CIARANAO TSHIRT, Iceberg Green, XXL",Iceberg Green,AK,Light Green,#90ee90,Other  ,XX-Large,XXL,,,8905944507337,INR,1499,Core,NOS,2026,India,61091000,0.05,Immediate,Men,International,Clothing,Western_Wear,Top_Wear,T-Shirts,Casual,Half Sleeve,Round Neck,Crew Neck,NA,Knit,Slim,,Cotton 55% Polyester - Recycled 45%  ,,Regular,,,,,,,,,T-SHIRTS,CREW NECK,NOOS,2801827053,,Knitted,CORE by JACK & JONES
,,Shree,280182711,JJCO CIARANAO TSHIRT SS NOOS,"JJCO CIARANAO TSHIRT SS NOOS, Walnut, XS",Walnut,H,Brown,#A52A2A,Other  ,X-Small,XS,,,8905944532384,INR,1499,Core,NOS,2026,India,61091000,0.05,Immediate,Men,International,Clothing,Western_Wear,Top_Wear,T-Shirts,Casual,Half Sleeve,Round Neck,Crew Neck,NA,Knit,Slim,,Cotton 55% Polyester - Recycled 45%  ,,Regular,,,,,,,,,T-SHIRTS,CREW NECK,NOOS,2801827065,,Knitted,CORE by JACK & JONES
,,Shree,280182711,JJCO CIARANAO TSHIRT SS NOOS,"JJCO CIARANAO TSHIRT SS NOOS, Walnut, S",Walnut,H,Brown,#A52A2A,Other  ,Small,S,,,8905944507191,INR,1499,Core,NOS,2026,India,61091000,0.05,Immediate,Men,International,Clothing,Western_Wear,Top_Wear,T-Shirts,Casual,Half Sleeve,Round Neck,Crew Neck,NA,Knit,Slim,,Cotton 55% Polyester - Recycled 45%  ,,Regular,,,,,,,,,T-SHIRTS,CREW NECK,NOOS,2801827039,,Knitted,CORE by JACK & JONES
,,Shree,280182711,JJCO CIARANAO TSHIRT SS NOOS,"JJCO CIARANAO TSHIRT SS NOOS, Walnut, M",Walnut,H,Brown,#A52A2A,Other  ,Medium,M,,,8905944507238,INR,1499,Core,NOS,2026,India,61091000,0.05,Immediate,Men,International,Clothing,Western_Wear,Top_Wear,T-Shirts,Casual,Half Sleeve,Round Neck,Crew Neck,NA,Knit,Slim,,Cotton 55% Polyester - Recycled 45%  ,,Regular,,,,,,,,,T-SHIRTS,CREW NECK,NOOS,2801827043,,Knitted,CORE by JACK & JONES
,,Shree,280182711,JJCO CIARANAO TSHIRT SS NOOS,"JJCO CIARANAO TSHIRT SS NOOS, Walnut, L",Walnut,H,Brown,#A52A2A,Other  ,Large,L,,,8905944507276,INR,1499,Core,NOS,2026,India,61091000,0.05,Immediate,Men,International,Clothing,Western_Wear,Top_Wear,T-Shirts,Casual,Half Sleeve,Round Neck,Crew Neck,NA,Knit,Slim,,Cotton 55% Polyester - Recycled 45%  ,,Regular,,,,,,,,,T-SHIRTS,CREW NECK,NOOS,2801827047,,Knitted,CORE by JACK & JONES
,,Shree,280182711,JJCO CIARANAO TSHIRT SS NOOS,"JJCO CIARANAO TSHIRT SS NOOS, Walnut, XL",Walnut,H,Brown,#A52A2A,Other  ,X-Large,XL,,,8905944507313,INR,1499,Core,NOS,2026,India,61091000,0.05,Immediate,Men,International,Clothing,Western_Wear,Top_Wear,T-Shirts,Casual,Half Sleeve,Round Neck,Crew Neck,NA,Knit,Slim,,Cotton 55% Polyester - Recycled 45%  ,,Regular,,,,,,,,,T-SHIRTS,CREW NECK,NOOS,2801827051,,Knitted,CORE by JACK & JONES
,,Shree,280182711,JJCO CIARANAO TSHIRT SS NOOS,"JJCO CIARANAO TSHIRT SS NOO, Walnut, XXL",Walnut,H,Brown,#A52A2A,Other  ,XX-Large,XXL,,,8905944507351,INR,1499,Core,NOS,2026,India,61091000,0.05,Immediate,Men,International,Clothing,Western_Wear,Top_Wear,T-Shirts,Casual,Half Sleeve,Round Neck,Crew Neck,NA,Knit,Slim,,Cotton 55% Polyester - Recycled 45%  ,,Regular,,,,,,,,,T-SHIRTS,CREW NECK,NOOS,2801827055,,Knitted,CORE by JACK & JONES
,,Shree,280182712,JJCO CIARANAO TSHIRT SS NOOS,"JJCO CIARANAO TSHIRT S, Surf the Web, XS",Surf the Web,BG,Royal Blue,#4169e1,Other  ,X-Small,XS,,,8905944567560,INR,1499,Core,NOS,2026,India,61091000,0.05,Immediate,Men,International,Clothing,Western_Wear,Top_Wear,T-Shirts,Casual,Half Sleeve,Round Neck,Crew Neck,NA,Knit,Slim,,Cotton 55% Polyester - Recycled 45%  ,,Regular,,,,,,,,,T-SHIRTS,CREW NECK,NOOS,2801827067,,Knitted,CORE by JACK & JONES
,,Shree,280182712,JJCO CIARANAO TSHIRT SS NOOS,"JJCO CIARANAO TSHIRT SS, Surf the Web, S",Surf the Web,BG,Royal Blue,#4169e1,Other  ,Small,S,,,8905944567607,INR,1499,Core,NOS,2026,India,61091000,0.05,Immediate,Men,International,Clothing,Western_Wear,Top_Wear,T-Shirts,Casual,Half Sleeve,Round Neck,Crew Neck,NA,Knit,Slim,,Cotton 55% Polyester - Recycled 45%  ,,Regular,,,,,,,,,T-SHIRTS,CREW NECK,NOOS,2801827071,,Knitted,CORE by JACK & JONES
,,Shree,280182712,JJCO CIARANAO TSHIRT SS NOOS,"JJCO CIARANAO TSHIRT SS, Surf the Web, M",Surf the Web,BG,Royal Blue,#4169e1,Other  ,Medium,M,,,8905944567645,INR,1499,Core,NOS,2026,India,61091000,0.05,Immediate,Men,International,Clothing,Western_Wear,Top_Wear,T-Shirts,Casual,Half Sleeve,Round Neck,Crew Neck,NA,Knit,Slim,,Cotton 55% Polyester - Recycled 45%  ,,Regular,,,,,,,,,T-SHIRTS,CREW NECK,NOOS,2801827075,,Knitted,CORE by JACK & JONES
,,Shree,280182712,JJCO CIARANAO TSHIRT SS NOOS,"JJCO CIARANAO TSHIRT SS, Surf the Web, L",Surf the Web,BG,Royal Blue,#4169e1,Other  ,Large,L,,,8905944567683,INR,1499,Core,NOS,2026,India,61091000,0.05,Immediate,Men,International,Clothing,Western_Wear,Top_Wear,T-Shirts,Casual,Half Sleeve,Round Neck,Crew Neck,NA,Knit,Slim,,Cotton 55% Polyester - Recycled 45%  ,,Regular,,,,,,,,,T-SHIRTS,CREW NECK,NOOS,2801827079,,Knitted,CORE by JACK & JONES
,,Shree,280182712,JJCO CIARANAO TSHIRT SS NOOS,"JJCO CIARANAO TSHIRT S, Surf the Web, XL",Surf the Web,BG,Royal Blue,#4169e1,Other  ,X-Large,XL,,,8905944567720,INR,1499,Core,NOS,2026,India,61091000,0.05,Immediate,Men,International,Clothing,Western_Wear,Top_Wear,T-Shirts,Casual,Half Sleeve,Round Neck,Crew Neck,NA,Knit,Slim,,Cotton 55% Polyester - Recycled 45%  ,,Regular,,,,,,,,,T-SHIRTS,CREW NECK,NOOS,2801827083,,Knitted,CORE by JACK & JONES
,,Shree,280182712,JJCO CIARANAO TSHIRT SS NOOS,"JJCO CIARANAO TSHIRT, Surf the Web, XXL",Surf the Web,BG,Royal Blue,#4169e1,Other  ,XX-Large,XXL,,,8905944567768,INR,1499,Core,NOS,2026,India,61091000,0.05,Immediate,Men,International,Clothing,Western_Wear,Top_Wear,T-Shirts,Casual,Half Sleeve,Round Neck,Crew Neck,NA,Knit,Slim,,Cotton 55% Polyester - Recycled 45%  ,,Regular,,,,,,,,,T-SHIRTS,CREW NECK,NOOS,2801827087,,Knitted,CORE by JACK & JONES
,,Shree,280182713,JJCO CIARANAO TSHIRT SS NOOS,"JJCO CIARANAO TSHIRT SS, Wild Ginger, XS",Wild Ginger,AT,Mauve,#E0B0FF,Other  ,X-Small,XS,,,8905944567577,INR,1499,Core,NOS,2026,India,61091000,0.05,Immediate,Men,International,Clothing,Western_Wear,Top_Wear,T-Shirts,Casual,Half Sleeve,Round Neck,Crew Neck,NA,Knit,Slim,,Cotton 55% Polyester - Recycled 45%  ,,Regular,,,,,,,,,T-SHIRTS,CREW NECK,NOOS,2801827068,,Knitted,CORE by JACK & JONES
,,Shree,280182713,JJCO CIARANAO TSHIRT SS NOOS,"JJCO CIARANAO TSHIRT SS, Wild Ginger, S",Wild Ginger,AT,Mauve,#E0B0FF,Other  ,Small,S,,,8905944567614,INR,1499,Core,NOS,2026,India,61091000,0.05,Immediate,Men,International,Clothing,Western_Wear,Top_Wear,T-Shirts,Casual,Half Sleeve,Round Neck,Crew Neck,NA,Knit,Slim,,Cotton 55% Polyester - Recycled 45%  ,,Regular,,,,,,,,,T-SHIRTS,CREW NECK,NOOS,2801827072,,Knitted,CORE by JACK & JONES
,,Shree,280182713,JJCO CIARANAO TSHIRT SS NOOS,"JJCO CIARANAO TSHIRT SS, Wild Ginger, M",Wild Ginger,AT,Mauve,#E0B0FF,Other  ,Medium,M,,,8905944567652,INR,1499,Core,NOS,2026,India,61091000,0.05,Immediate,Men,International,Clothing,Western_Wear,Top_Wear,T-Shirts,Casual,Half Sleeve,Round Neck,Crew Neck,NA,Knit,Slim,,Cotton 55% Polyester - Recycled 45%  ,,Regular,,,,,,,,,T-SHIRTS,CREW NECK,NOOS,2801827076,,Knitted,CORE by JACK & JONES
,,Shree,280182713,JJCO CIARANAO TSHIRT SS NOOS,"JJCO CIARANAO TSHIRT SS, Wild Ginger, L",Wild Ginger,AT,Mauve,#E0B0FF,Other  ,Large,L,,,8905944567690,INR,1499,Core,NOS,2026,India,61091000,0.05,Immediate,Men,International,Clothing,Western_Wear,Top_Wear,T-Shirts,Casual,Half Sleeve,Round Neck,Crew Neck,NA,Knit,Slim,,Cotton 55% Polyester - Recycled 45%  ,,Regular,,,,,,,,,T-SHIRTS,CREW NECK,NOOS,2801827080,,Knitted,CORE by JACK & JONES
,,Shree,280182713,JJCO CIARANAO TSHIRT SS NOOS,"JJCO CIARANAO TSHIRT SS, Wild Ginger, XL",Wild Ginger,AT,Mauve,#E0B0FF,Other  ,X-Large,XL,,,8905944567737,INR,1499,Core,NOS,2026,India,61091000,0.05,Immediate,Men,International,Clothing,Western_Wear,Top_Wear,T-Shirts,Casual,Half Sleeve,Round Neck,Crew Neck,NA,Knit,Slim,,Cotton 55% Polyester - Recycled 45%  ,,Regular,,,,,,,,,T-SHIRTS,CREW NECK,NOOS,2801827084,,Knitted,CORE by JACK & JONES
,,Shree,280182713,JJCO CIARANAO TSHIRT SS NOOS,"JJCO CIARANAO TSHIRT S, Wild Ginger, XXL",Wild Ginger,AT,Mauve,#E0B0FF,Other  ,XX-Large,XXL,,,8905944567775,INR,1499,Core,NOS,2026,India,61091000,0.05,Immediate,Men,International,Clothing,Western_Wear,Top_Wear,T-Shirts,Casual,Half Sleeve,Round Neck,Crew Neck,NA,Knit,Slim,,Cotton 55% Polyester - Recycled 45%  ,,Regular,,,,,,,,,T-SHIRTS,CREW NECK,NOOS,2801827088,,Knitted,CORE by JACK & JONES
,,Shree,280182715,JJCO CIARANAO TSHIRT SS NOOS,"JJCO CIARANAO TSHIRT SS, Gray Violet, XS",Gray Violet,BP,Violet,#EE82EE,Other  ,X-Small,XS,,,8905944567591,INR,1499,Core,NOS,2026,India,61091000,0.05,Immediate,Men,International,Clothing,Western_Wear,Top_Wear,T-Shirts,Casual,Half Sleeve,Round Neck,Crew Neck,NA,Knit,Slim,,Cotton 55% Polyester - Recycled 45%  ,,Regular,,,,,,,,,T-SHIRTS,CREW NECK,NOOS,2801827070,,Knitted,CORE by JACK & JONES
,,Shree,280182715,JJCO CIARANAO TSHIRT SS NOOS,"JJCO CIARANAO TSHIRT SS, Gray Violet, S",Gray Violet,BP,Violet,#EE82EE,Other  ,Small,S,,,8905944567638,INR,1499,Core,NOS,2026,India,61091000,0.05,Immediate,Men,International,Clothing,Western_Wear,Top_Wear,T-Shirts,Casual,Half Sleeve,Round Neck,Crew Neck,NA,Knit,Slim,,Cotton 55% Polyester - Recycled 45%  ,,Regular,,,,,,,,,T-SHIRTS,CREW NECK,NOOS,2801827074,,Knitted,CORE by JACK & JONES
,,Shree,280182715,JJCO CIARANAO TSHIRT SS NOOS,"JJCO CIARANAO TSHIRT SS, Gray Violet, M",Gray Violet,BP,Violet,#EE82EE,Other  ,Medium,M,,,8905944567676,INR,1499,Core,NOS,2026,India,61091000,0.05,Immediate,Men,International,Clothing,Western_Wear,Top_Wear,T-Shirts,Casual,Half Sleeve,Round Neck,Crew Neck,NA,Knit,Slim,,Cotton 55% Polyester - Recycled 45%  ,,Regular,,,,,,,,,T-SHIRTS,CREW NECK,NOOS,2801827078,,Knitted,CORE by JACK & JONES
,,Shree,280182715,JJCO CIARANAO TSHIRT SS NOOS,"JJCO CIARANAO TSHIRT SS, Gray Violet, L",Gray Violet,BP,Violet,#EE82EE,Other  ,Large,L,,,8905944567713,INR,1499,Core,NOS,2026,India,61091000,0.05,Immediate,Men,International,Clothing,Western_Wear,Top_Wear,T-Shirts,Casual,Half Sleeve,Round Neck,Crew Neck,NA,Knit,Slim,,Cotton 55% Polyester - Recycled 45%  ,,Regular,,,,,,,,,T-SHIRTS,CREW NECK,NOOS,2801827082,,Knitted,CORE by JACK & JONES
,,Shree,280182715,JJCO CIARANAO TSHIRT SS NOOS,"JJCO CIARANAO TSHIRT SS, Gray Violet, XL",Gray Violet,BP,Violet,#EE82EE,Other  ,X-Large,XL,,,8905944567751,INR,1499,Core,NOS,2026,India,61091000,0.05,Immediate,Men,International,Clothing,Western_Wear,Top_Wear,T-Shirts,Casual,Half Sleeve,Round Neck,Crew Neck,NA,Knit,Slim,,Cotton 55% Polyester - Recycled 45%  ,,Regular,,,,,,,,,T-SHIRTS,CREW NECK,NOOS,2801827086,,Knitted,CORE by JACK & JONES
,,Shree,280182715,JJCO CIARANAO TSHIRT SS NOOS,"JJCO CIARANAO TSHIRT S, Gray Violet, XXL",Gray Violet,BP,Violet,#EE82EE,Other  ,XX-Large,XXL,,,8905944567799,INR,1499,Core,NOS,2026,India,61091000,0.05,Immediate,Men,International,Clothing,Western_Wear,Top_Wear,T-Shirts,Casual,Half Sleeve,Round Neck,Crew Neck,NA,Knit,Slim,,Cotton 55% Polyester - Recycled 45%  ,,Regular,,,,,,,,,T-SHIRTS,CREW NECK,NOOS,2801827090,,Knitted,CORE by JACK & JONES
,,Shree,280182716,JJCO CIARANAO TSHIRT SS NOOS,"JJCO CIARANAO TSHIRT SS NOOS, Syrah, XS",Syrah,AS,Maroon,#800000,Other  ,X-Small,XS,,,8905944836567,INR,1499,Core,NOS,2026,India,61091000,0.05,Immediate,Men,International,Clothing,Western_Wear,Top_Wear,T-Shirts,Casual,Half Sleeve,Round Neck,Crew Neck,NA,Knit,Slim,,Cotton 55% Polyester - Recycled 45%  ,,Regular,,,,,,,,,T-SHIRTS,CREW NECK,NOOS,2801827091,,Knitted,CORE by JACK & JONES
,,Shree,280182716,JJCO CIARANAO TSHIRT SS NOOS,"JJCO CIARANAO TSHIRT SS NOOS, Syrah, S",Syrah,AS,Maroon,#800000,Other  ,Small,S,,,8905944836604,INR,1499,Core,NOS,2026,India,61091000,0.05,Immediate,Men,International,Clothing,Western_Wear,Top_Wear,T-Shirts,Casual,Half Sleeve,Round Neck,Crew Neck,NA,Knit,Slim,,Cotton 55% Polyester - Recycled 45%  ,,Regular,,,,,,,,,T-SHIRTS,CREW NECK,NOOS,2801827095,,Knitted,CORE by JACK & JONES
,,Shree,280182716,JJCO CIARANAO TSHIRT SS NOOS,"JJCO CIARANAO TSHIRT SS NOOS, Syrah, M",Syrah,AS,Maroon,#800000,Other  ,Medium,M,,,8905944836642,INR,1499,Core,NOS,2026,India,61091000,0.05,Immediate,Men,International,Clothing,Western_Wear,Top_Wear,T-Shirts,Casual,Half Sleeve,Round Neck,Crew Neck,NA,Knit,Slim,,Cotton 55% Polyester - Recycled 45%  ,,Regular,,,,,,,,,T-SHIRTS,CREW NECK,NOOS,2801827099,,Knitted,CORE by JACK & JONES
,,Shree,280182716,JJCO CIARANAO TSHIRT SS NOOS,"JJCO CIARANAO TSHIRT SS NOOS, Syrah, L",Syrah,AS,Maroon,#800000,Other  ,Large,L,,,8905944836680,INR,1499,Core,NOS,2026,India,61091000,0.05,Immediate,Men,International,Clothing,Western_Wear,Top_Wear,T-Shirts,Casual,Half Sleeve,Round Neck,Crew Neck,NA,Knit,Slim,,Cotton 55% Polyester - Recycled 45%  ,,Regular,,,,,,,,,T-SHIRTS,CREW NECK,NOOS,2801827103,,Knitted,CORE by JACK & JONES
,,Shree,280182716,JJCO CIARANAO TSHIRT SS NOOS,"JJCO CIARANAO TSHIRT SS NOOS, Syrah, XL",Syrah,AS,Maroon,#800000,Other  ,X-Large,XL,,,8905944836727,INR,1499,Core,NOS,2026,India,61091000,0.05,Immediate,Men,International,Clothing,Western_Wear,Top_Wear,T-Shirts,Casual,Half Sleeve,Round Neck,Crew Neck,NA,Knit,Slim,,Cotton 55% Polyester - Recycled 45%  ,,Regular,,,,,,,,,T-SHIRTS,CREW NECK,NOOS,2801827107,,Knitted,CORE by JACK & JONES
,,Shree,280182716,JJCO CIARANAO TSHIRT SS NOOS,"JJCO CIARANAO TSHIRT SS NOOS, Syrah, XXL",Syrah,AS,Maroon,#800000,Other  ,XX-Large,XXL,,,8905944836765,INR,1499,Core,NOS,2026,India,61091000,0.05,Immediate,Men,International,Clothing,Western_Wear,Top_Wear,T-Shirts,Casual,Half Sleeve,Round Neck,Crew Neck,NA,Knit,Slim,,Cotton 55% Polyester - Recycled 45%  ,,Regular,,,,,,,,,T-SHIRTS,CREW NECK,NOOS,2801827111,,Knitted,CORE by JACK & JONES
,,Shree,280182717,JJCO CIARANAO TSHIRT SS NOOS,"JJCO CIARANAO TSHIRT SS NO, June Bug, XS",June Bug,F,Bottle Green,#006a4e,Other  ,X-Small,XS,,,8905944836574,INR,1499,Core,NOS,2026,India,61091000,0.05,Immediate,Men,International,Clothing,Western_Wear,Top_Wear,T-Shirts,Casual,Half Sleeve,Round Neck,Crew Neck,NA,Knit,Slim,,Cotton 55% Polyester - Recycled 45%  ,,Regular,,,,,,,,,T-SHIRTS,CREW NECK,NOOS,2801827092,,Knitted,CORE by JACK & JONES
,,Shree,280182717,JJCO CIARANAO TSHIRT SS NOOS,"JJCO CIARANAO TSHIRT SS NOO, June Bug, S",June Bug,F,Bottle Green,#006a4e,Other  ,Small,S,,,8905944836611,INR,1499,Core,NOS,2026,India,61091000,0.05,Immediate,Men,International,Clothing,Western_Wear,Top_Wear,T-Shirts,Casual,Half Sleeve,Round Neck,Crew Neck,NA,Knit,Slim,,Cotton 55% Polyester - Recycled 45%  ,,Regular,,,,,,,,,T-SHIRTS,CREW NECK,NOOS,2801827096,,Knitted,CORE by JACK & JONES
,,Shree,280182717,JJCO CIARANAO TSHIRT SS NOOS,"JJCO CIARANAO TSHIRT SS NOO, June Bug, M",June Bug,F,Bottle Green,#006a4e,Other  ,Medium,M,,,8905944836659,INR,1499,Core,NOS,2026,India,61091000,0.05,Immediate,Men,International,Clothing,Western_Wear,Top_Wear,T-Shirts,Casual,Half Sleeve,Round Neck,Crew Neck,NA,Knit,Slim,,Cotton 55% Polyester - Recycled 45%  ,,Regular,,,,,,,,,T-SHIRTS,CREW NECK,NOOS,2801827100,,Knitted,CORE by JACK & JONES
,,Shree,280182717,JJCO CIARANAO TSHIRT SS NOOS,"JJCO CIARANAO TSHIRT SS NOO, June Bug, L",June Bug,F,Bottle Green,#006a4e,Other  ,Large,L,,,8905944836697,INR,1499,Core,NOS,2026,India,61091000,0.05,Immediate,Men,International,Clothing,Western_Wear,Top_Wear,T-Shirts,Casual,Half Sleeve,Round Neck,Crew Neck,NA,Knit,Slim,,Cotton 55% Polyester - Recycled 45%  ,,Regular,,,,,,,,,T-SHIRTS,CREW NECK,NOOS,2801827104,,Knitted,CORE by JACK & JONES
,,Shree,280182717,JJCO CIARANAO TSHIRT SS NOOS,"JJCO CIARANAO TSHIRT SS NO, June Bug, XL",June Bug,F,Bottle Green,#006a4e,Other  ,X-Large,XL,,,8905944836734,INR,1499,Core,NOS,2026,India,61091000,0.05,Immediate,Men,International,Clothing,Western_Wear,Top_Wear,T-Shirts,Casual,Half Sleeve,Round Neck,Crew Neck,NA,Knit,Slim,,Cotton 55% Polyester - Recycled 45%  ,,Regular,,,,,,,,,T-SHIRTS,CREW NECK,NOOS,2801827108,,Knitted,CORE by JACK & JONES
,,Shree,280182717,JJCO CIARANAO TSHIRT SS NOOS,"JJCO CIARANAO TSHIRT SS N, June Bug, XXL",June Bug,F,Bottle Green,#006a4e,Other  ,XX-Large,XXL,,,8905944836772,INR,1499,Core,NOS,2026,India,61091000,0.05,Immediate,Men,International,Clothing,Western_Wear,Top_Wear,T-Shirts,Casual,Half Sleeve,Round Neck,Crew Neck,NA,Knit,Slim,,Cotton 55% Polyester - Recycled 45%  ,,Regular,,,,,,,,,T-SHIRTS,CREW NECK,NOOS,2801827112,,Knitted,CORE by JACK & JONES
,,Shree,280182718,JJCO CIARANAO TSHIRT SS NOOS,"JJCO CIARANAO TSHIRT SS, Golden Haze, XS",Golden Haze,BS,Yellow,#FFFF00,Other  ,X-Small,XS,,,8905944836581,INR,1499,Core,NOS,2026,India,61091000,0.05,Immediate,Men,International,Clothing,Western_Wear,Top_Wear,T-Shirts,Casual,Half Sleeve,Round Neck,Crew Neck,NA,Knit,Slim,,Cotton 55% Polyester - Recycled 45%  ,,Regular,,,,,,,,,T-SHIRTS,CREW NECK,NOOS,2801827093,,Knitted,CORE by JACK & JONES
,,Shree,280182718,JJCO CIARANAO TSHIRT SS NOOS,"JJCO CIARANAO TSHIRT SS, Golden Haze, S",Golden Haze,BS,Yellow,#FFFF00,Other  ,Small,S,,,8905944836628,INR,1499,Core,NOS,2026,India,61091000,0.05,Immediate,Men,International,Clothing,Western_Wear,Top_Wear,T-Shirts,Casual,Half Sleeve,Round Neck,Crew Neck,NA,Knit,Slim,,Cotton 55% Polyester - Recycled 45%  ,,Regular,,,,,,,,,T-SHIRTS,CREW NECK,NOOS,2801827097,,Knitted,CORE by JACK & JONES
,,Shree,280182718,JJCO CIARANAO TSHIRT SS NOOS,"JJCO CIARANAO TSHIRT SS, Golden Haze, M",Golden Haze,BS,Yellow,#FFFF00,Other  ,Medium,M,,,8905944836666,INR,1499,Core,NOS,2026,India,61091000,0.05,Immediate,Men,International,Clothing,Western_Wear,Top_Wear,T-Shirts,Casual,Half Sleeve,Round Neck,Crew Neck,NA,Knit,Slim,,Cotton 55% Polyester - Recycled 45%  ,,Regular,,,,,,,,,T-SHIRTS,CREW NECK,NOOS,2801827101,,Knitted,CORE by JACK & JONES
,,Shree,280182718,JJCO CIARANAO TSHIRT SS NOOS,"JJCO CIARANAO TSHIRT SS, Golden Haze, L",Golden Haze,BS,Yellow,#FFFF00,Other  ,Large,L,,,8905944836703,INR,1499,Core,NOS,2026,India,61091000,0.05,Immediate,Men,International,Clothing,Western_Wear,Top_Wear,T-Shirts,Casual,Half Sleeve,Round Neck,Crew Neck,NA,Knit,Slim,,Cotton 55% Polyester - Recycled 45%  ,,Regular,,,,,,,,,T-SHIRTS,CREW NECK,NOOS,2801827105,,Knitted,CORE by JACK & JONES
,,Shree,280182718,JJCO CIARANAO TSHIRT SS NOOS,"JJCO CIARANAO TSHIRT SS, Golden Haze, XL",Golden Haze,BS,Yellow,#FFFF00,Other  ,X-Large,XL,,,8905944836741,INR,1499,Core,NOS,2026,India,61091000,0.05,Immediate,Men,International,Clothing,Western_Wear,Top_Wear,T-Shirts,Casual,Half Sleeve,Round Neck,Crew Neck,NA,Knit,Slim,,Cotton 55% Polyester - Recycled 45%  ,,Regular,,,,,,,,,T-SHIRTS,CREW NECK,NOOS,2801827109,,Knitted,CORE by JACK & JONES
,,Shree,280182718,JJCO CIARANAO TSHIRT SS NOOS,"JJCO CIARANAO TSHIRT S, Golden Haze, XXL",Golden Haze,BS,Yellow,#FFFF00,Other  ,XX-Large,XXL,,,8905944836789,INR,1499,Core,NOS,2026,India,61091000,0.05,Immediate,Men,International,Clothing,Western_Wear,Top_Wear,T-Shirts,Casual,Half Sleeve,Round Neck,Crew Neck,NA,Knit,Slim,,Cotton 55% Polyester - Recycled 45%  ,,Regular,,,,,,,,,T-SHIRTS,CREW NECK,NOOS,2801827113,,Knitted,CORE by JACK & JONES
,,Shree,280182719,JJCO CIARANAO TSHIRT SS NOOS,"JJCO CIARANAO TSHIRT SS NOOS, Carafe, XS",Carafe,H,Brown,#A52A2A,Other  ,X-Small,XS,,,8905944836598,INR,1499,Core,NOS,2026,India,61091000,0.05,Immediate,Men,International,Clothing,Western_Wear,Top_Wear,T-Shirts,Casual,Half Sleeve,Round Neck,Crew Neck,NA,Knit,Slim,,Cotton 55% Polyester - Recycled 45%  ,,Regular,,,,,,,,,T-SHIRTS,CREW NECK,NOOS,2801827094,,Knitted,CORE by JACK & JONES
,,Shree,280182719,JJCO CIARANAO TSHIRT SS NOOS,"JJCO CIARANAO TSHIRT SS NOOS, Carafe, S",Carafe,H,Brown,#A52A2A,Other  ,Small,S,,,8905944836635,INR,1499,Core,NOS,2026,India,61091000,0.05,Immediate,Men,International,Clothing,Western_Wear,Top_Wear,T-Shirts,Casual,Half Sleeve,Round Neck,Crew Neck,NA,Knit,Slim,,Cotton 55% Polyester - Recycled 45%  ,,Regular,,,,,,,,,T-SHIRTS,CREW NECK,NOOS,2801827098,,Knitted,CORE by JACK & JONES
,,Shree,280182719,JJCO CIARANAO TSHIRT SS NOOS,"JJCO CIARANAO TSHIRT SS NOOS, Carafe, M",Carafe,H,Brown,#A52A2A,Other  ,Medium,M,,,8905944836673,INR,1499,Core,NOS,2026,India,61091000,0.05,Immediate,Men,International,Clothing,Western_Wear,Top_Wear,T-Shirts,Casual,Half Sleeve,Round Neck,Crew Neck,NA,Knit,Slim,,Cotton 55% Polyester - Recycled 45%  ,,Regular,,,,,,,,,T-SHIRTS,CREW NECK,NOOS,2801827102,,Knitted,CORE by JACK & JONES
,,Shree,280182719,JJCO CIARANAO TSHIRT SS NOOS,"JJCO CIARANAO TSHIRT SS NOOS, Carafe, L",Carafe,H,Brown,#A52A2A,Other  ,Large,L,,,8905944836710,INR,1499,Core,NOS,2026,India,61091000,0.05,Immediate,Men,International,Clothing,Western_Wear,Top_Wear,T-Shirts,Casual,Half Sleeve,Round Neck,Crew Neck,NA,Knit,Slim,,Cotton 55% Polyester - Recycled 45%  ,,Regular,,,,,,,,,T-SHIRTS,CREW NECK,NOOS,2801827106,,Knitted,CORE by JACK & JONES
,,Shree,280182719,JJCO CIARANAO TSHIRT SS NOOS,"JJCO CIARANAO TSHIRT SS NOOS, Carafe, XL",Carafe,H,Brown,#A52A2A,Other  ,X-Large,XL,,,8905944836758,INR,1499,Core,NOS,2026,India,61091000,0.05,Immediate,Men,International,Clothing,Western_Wear,Top_Wear,T-Shirts,Casual,Half Sleeve,Round Neck,Crew Neck,NA,Knit,Slim,,Cotton 55% Polyester - Recycled 45%  ,,Regular,,,,,,,,,T-SHIRTS,CREW NECK,NOOS,2801827110,,Knitted,CORE by JACK & JONES
,,Shree,280182719,JJCO CIARANAO TSHIRT SS NOOS,"JJCO CIARANAO TSHIRT SS NOO, Carafe, XXL",Carafe,H,Brown,#A52A2A,Other  ,XX-Large,XXL,,,8905944836796,INR,1499,Core,NOS,2026,India,61091000,0.05,Immediate,Men,International,Clothing,Western_Wear,Top_Wear,T-Shirts,Casual,Half Sleeve,Round Neck,Crew Neck,NA,Knit,Slim,,Cotton 55% Polyester - Recycled 45%  ,,Regular,,,,,,,,,T-SHIRTS,CREW NECK,NOOS,2801827114,,Knitted,CORE by JACK & JONES
,,Shree,902273302,JJESOHO TEE SS CREW NECK NOOS,"JJESOHO TEE SS CREW NECK NO, Moonbeam, S",Moonbeam,AH,Light Beige,#e1c699,Other  ,Small,S,,,8905944906895,INR,1199,Core,NOS,2026,Denmark,61091000,0.05,Immediate,Men,International,Clothing,Western_Wear,Top_Wear,T-Shirts,Casual,Half Sleeve,Round Neck,,Printed,Knit,Relaxed,,Cotton - Organic Direct to Farm 100%   ,,Regular,,,,,,,,,T-SHIRTS,CREW NECK,NOOS,9022733002,,Knitted,PREMIUM by JACK & JONES
,,Shree,902273302,JJESOHO TEE SS CREW NECK NOOS,"JJESOHO TEE SS CREW NECK NO, Moonbeam, M",Moonbeam,AH,Light Beige,#e1c699,Other  ,Medium,M,,,8905944906918,INR,1199,Core,NOS,2026,Denmark,61091000,0.05,Immediate,Men,International,Clothing,Western_Wear,Top_Wear,T-Shirts,Casual,Half Sleeve,Round Neck,,Printed,Knit,Relaxed,,Cotton - Organic Direct to Farm 100%   ,,Regular,,,,,,,,,T-SHIRTS,CREW NECK,NOOS,9022733005,,Knitted,PREMIUM by JACK & JONES
,,Shree,902273302,JJESOHO TEE SS CREW NECK NOOS,"JJESOHO TEE SS CREW NECK NO, Moonbeam, L",Moonbeam,AH,Light Beige,#e1c699,Other  ,Large,L,,,8905944906932,INR,1199,Core,NOS,2026,Denmark,61091000,0.05,Immediate,Men,International,Clothing,Western_Wear,Top_Wear,T-Shirts,Casual,Half Sleeve,Round Neck,,Printed,Knit,Relaxed,,Cotton - Organic Direct to Farm 100%   ,,Regular,,,,,,,,,T-SHIRTS,CREW NECK,NOOS,9022733008,,Knitted,PREMIUM by JACK & JONES
,,Shree,902273302,JJESOHO TEE SS CREW NECK NOOS,"JJESOHO TEE SS CREW NECK N, Moonbeam, XL",Moonbeam,AH,Light Beige,#e1c699,Other  ,X-Large,XL,,,8905944906956,INR,1199,Core,NOS,2026,Denmark,61091000,0.05,Immediate,Men,International,Clothing,Western_Wear,Top_Wear,T-Shirts,Casual,Half Sleeve,Round Neck,,Printed,Knit,Relaxed,,Cotton - Organic Direct to Farm 100%   ,,Regular,,,,,,,,,T-SHIRTS,CREW NECK,NOOS,9022733011,,Knitted,PREMIUM by JACK & JONES
,,Shree,902273302,JJESOHO TEE SS CREW NECK NOOS,"JJESOHO TEE SS CREW NECK, Moonbeam, XXL",Moonbeam,AH,Light Beige,#e1c699,Other  ,XX-Large,XXL,,,8905944906970,INR,1199,Core,NOS,2026,Denmark,61091000,0.05,Immediate,Men,International,Clothing,Western_Wear,Top_Wear,T-Shirts,Casual,Half Sleeve,Round Neck,,Printed,Knit,Relaxed,,Cotton - Organic Direct to Farm 100%   ,,Regular,,,,,,,,,T-SHIRTS,CREW NECK,NOOS,9022733014,,Knitted,PREMIUM by JACK & JONES
,,Shree,902273303,JJESOHO TEE SS CREW NECK NOOS,"JJESOHO TEE SS CREW NECK NOOS, BLACK, S",Black,D,Black,#000000,Other  ,Small,S,,,8905944906901,INR,1199,Core,NOS,2026,Denmark,61091000,0.05,Immediate,Men,International,Clothing,Western_Wear,Top_Wear,T-Shirts,Casual,Half Sleeve,Round Neck,,Printed,Knit,Relaxed,,Cotton - Organic Direct to Farm 100%   ,,Regular,,,,,,,,,T-SHIRTS,CREW NECK,NOOS,9022733003,,Knitted,PREMIUM by JACK & JONES
,,Shree,902273303,JJESOHO TEE SS CREW NECK NOOS,"JJESOHO TEE SS CREW NECK NOOS, BLACK, M",Black,D,Black,#000000,Other  ,Medium,M,,,8905944906925,INR,1199,Core,NOS,2026,Denmark,61091000,0.05,Immediate,Men,International,Clothing,Western_Wear,Top_Wear,T-Shirts,Casual,Half Sleeve,Round Neck,,Printed,Knit,Relaxed,,Cotton - Organic Direct to Farm 100%   ,,Regular,,,,,,,,,T-SHIRTS,CREW NECK,NOOS,9022733006,,Knitted,PREMIUM by JACK & JONES
,,Shree,902273303,JJESOHO TEE SS CREW NECK NOOS,"JJESOHO TEE SS CREW NECK NOOS, BLACK, L",Black,D,Black,#000000,Other  ,Large,L,,,8905944906949,INR,1199,Core,NOS,2026,Denmark,61091000,0.05,Immediate,Men,International,Clothing,Western_Wear,Top_Wear,T-Shirts,Casual,Half Sleeve,Round Neck,,Printed,Knit,Relaxed,,Cotton - Organic Direct to Farm 100%   ,,Regular,,,,,,,,,T-SHIRTS,CREW NECK,NOOS,9022733009,,Knitted,PREMIUM by JACK & JONES
,,Shree,902273303,JJESOHO TEE SS CREW NECK NOOS,"JJESOHO TEE SS CREW NECK NOOS, BLACK, XL",Black,D,Black,#000000,Other  ,X-Large,XL,,,8905944906963,INR,1199,Core,NOS,2026,Denmark,61091000,0.05,Immediate,Men,International,Clothing,Western_Wear,Top_Wear,T-Shirts,Casual,Half Sleeve,Round Neck,,Printed,Knit,Relaxed,,Cotton - Organic Direct to Farm 100%   ,,Regular,,,,,,,,,T-SHIRTS,CREW NECK,NOOS,9022733012,,Knitted,PREMIUM by JACK & JONES
,,Shree,902273303,JJESOHO TEE SS CREW NECK NOOS,"JJESOHO TEE SS CREW NECK NOO, BLACK, XXL",Black,D,Black,#000000,Other  ,XX-Large,XXL,,,8905944906987,INR,1199,Core,NOS,2026,Denmark,61091000,0.05,Immediate,Men,International,Clothing,Western_Wear,Top_Wear,T-Shirts,Casual,Half Sleeve,Round Neck,,Printed,Knit,Relaxed,,Cotton - Organic Direct to Farm 100%   ,,Regular,,,,,,,,,T-SHIRTS,CREW NECK,NOOS,9022733015,,Knitted,PREMIUM by JACK & JONES
,,Shree,900768502,JJOR DICE POLO SS,"JJOR DICE POLO SS, Jet Black, S",Jet Black,D,Black,#000000,Other  ,Small,S,,,8905944543649,INR,2499,Core,NOS,2026,India,61051020,0.05,Immediate,Men,International,Clothing,Western_Wear,Top_Wear,T-Shirts,Casual,Full Sleeve,Polo Neck,,Badges / Sticker,Knit,Regular,,Cotton 60% Polyester 40%  ,,Regular,,,,,,,,,T-SHIRTS,POLOS,NOOS,9007685006,,TAPE AT BUTTON PLACKET,ORIGINALS by JACK & JONES
,,Shree,900768502,JJOR DICE POLO SS,"JJOR DICE POLO SS, Jet Black, M",Jet Black,D,Black,#000000,Other  ,Medium,M,,,8905944543656,INR,2499,Core,NOS,2026,India,61051020,0.05,Immediate,Men,International,Clothing,Western_Wear,Top_Wear,T-Shirts,Casual,Full Sleeve,Polo Neck,,Badges / Sticker,Knit,Regular,,Cotton 60% Polyester 40%  ,,Regular,,,,,,,,,T-SHIRTS,POLOS,NOOS,9007685007,,TAPE AT BUTTON PLACKET,ORIGINALS by JACK & JONES
,,Shree,900768502,JJOR DICE POLO SS,"JJOR DICE POLO SS, Jet Black, L",Jet Black,D,Black,#000000,Other  ,Large,L,,,8905944543663,INR,2499,Core,NOS,2026,India,61051020,0.05,Immediate,Men,International,Clothing,Western_Wear,Top_Wear,T-Shirts,Casual,Full Sleeve,Polo Neck,,Badges / Sticker,Knit,Regular,,Cotton 60% Polyester 40%  ,,Regular,,,,,,,,,T-SHIRTS,POLOS,NOOS,9007685008,,TAPE AT BUTTON PLACKET,ORIGINALS by JACK & JONES
,,Shree,900768502,JJOR DICE POLO SS,"JJOR DICE POLO SS, Jet Black, XL",Jet Black,D,Black,#000000,Other  ,X-Large,XL,,,8905944543670,INR,2499,Core,NOS,2026,India,61051020,0.05,Immediate,Men,International,Clothing,Western_Wear,Top_Wear,T-Shirts,Casual,Full Sleeve,Polo Neck,,Badges / Sticker,Knit,Regular,,Cotton 60% Polyester 40%  ,,Regular,,,,,,,,,T-SHIRTS,POLOS,NOOS,9007685009,,TAPE AT BUTTON PLACKET,ORIGINALS by JACK & JONES
,,Shree,900768502,JJOR DICE POLO SS,"JJOR DICE POLO SS, Jet Black, XXL",Jet Black,D,Black,#000000,Other  ,XX-Large,XXL,,,8905944543687,INR,2499,Core,NOS,2026,India,61051020,0.05,Immediate,Men,International,Clothing,Western_Wear,Top_Wear,T-Shirts,Casual,Full Sleeve,Polo Neck,,Badges / Sticker,Knit,Regular,,Cotton 60% Polyester 40%  ,,Regular,,,,,,,,,T-SHIRTS,POLOS,NOOS,9007685010,,TAPE AT BUTTON PLACKET,ORIGINALS by JACK & JONES
,,Shree,901433501,JJCO COREX POLO SS,"JJCO COREX POLO SS, Jet Black, S",Jet Black,D,Black,#000000,Other  ,Small,S,,,8905944615520,INR,2799,Core,NOS,2026,India,61091000,0.18,Immediate,Men,International,Clothing,Western_Wear,Top_Wear,T-Shirts,Casual,Half Sleeve,Round Neck,Rib collar,Jacquard,Knit,Slim,,Polyester 95% Elastane 5%  ,,Regular,,,,,,,,,T-SHIRTS,POLOS,NOOS,9014335001,,JACQUARD,CORE by JACK & JONES
,,Shree,901433501,JJCO COREX POLO SS,"JJCO COREX POLO SS, Jet Black, M",Jet Black,D,Black,#000000,Other  ,Medium,M,,,8905944615537,INR,2799,Core,NOS,2026,India,61091000,0.18,Immediate,Men,International,Clothing,Western_Wear,Top_Wear,T-Shirts,Casual,Half Sleeve,Round Neck,Rib collar,Jacquard,Knit,Slim,,Polyester 95% Elastane 5%  ,,Regular,,,,,,,,,T-SHIRTS,POLOS,NOOS,9014335002,,JACQUARD,CORE by JACK & JONES
,,Shree,901433501,JJCO COREX POLO SS,"JJCO COREX POLO SS, Jet Black, L",Jet Black,D,Black,#000000,Other  ,Large,L,,,8905944615544,INR,2799,Core,NOS,2026,India,61091000,0.18,Immediate,Men,International,Clothing,Western_Wear,Top_Wear,T-Shirts,Casual,Half Sleeve,Round Neck,Rib collar,Jacquard,Knit,Slim,,Polyester 95% Elastane 5%  ,,Regular,,,,,,,,,T-SHIRTS,POLOS,NOOS,9014335003,,JACQUARD,CORE by JACK & JONES
,,Shree,901433501,JJCO COREX POLO SS,"JJCO COREX POLO SS, Jet Black, XL",Jet Black,D,Black,#000000,Other  ,X-Large,XL,,,8905944615551,INR,2799,Core,NOS,2026,India,61091000,0.18,Immediate,Men,International,Clothing,Western_Wear,Top_Wear,T-Shirts,Casual,Half Sleeve,Round Neck,Rib collar,Jacquard,Knit,Slim,,Polyester 95% Elastane 5%  ,,Regular,,,,,,,,,T-SHIRTS,POLOS,NOOS,9014335004,,JACQUARD,CORE by JACK & JONES
,,Shree,901433501,JJCO COREX POLO SS,"JJCO COREX POLO SS, Jet Black, XXL",Jet Black,D,Black,#000000,Other  ,XX-Large,XXL,,,8905944615568,INR,2799,Core,NOS,2026,India,61091000,0.18,Immediate,Men,International,Clothing,Western_Wear,Top_Wear,T-Shirts,Casual,Half Sleeve,Round Neck,Rib collar,Jacquard,Knit,Slim,,Polyester 95% Elastane 5%  ,,Regular,,,,,,,,,T-SHIRTS,POLOS,NOOS,9014335005,,JACQUARD,CORE by JACK & JONES
,,Shree,901478701,JJPR QUIREN SS POLO,"JJPR QUIREN SS POLO, Jet Black, S",Jet Black,D,Black,#000000,Other  ,Small,S,,,8905944648153,INR,2999,Core,NOS,2026,India,61052010,0.18,Immediate,Men,International,Clothing,Western_Wear,Top_Wear,T-Shirts,Casual,Full Sleeve,Polo Neck,,Textured Fabric,Knit,Regular,,Polyester 93% Elastane 7%  ,,Regular,,,,,,,,,T-SHIRTS,POLOS,NOOS,9014787001,,Others,PREMIUM by JACK & JONES
,,Shree,901478701,JJPR QUIREN SS POLO,"JJPR QUIREN SS POLO, Jet Black, M",Jet Black,D,Black,#000000,Other  ,Medium,M,,,8905944648177,INR,2999,Core,NOS,2026,India,61052010,0.18,Immediate,Men,International,Clothing,Western_Wear,Top_Wear,T-Shirts,Casual,Full Sleeve,Polo Neck,,Textured Fabric,Knit,Regular,,Polyester 93% Elastane 7%  ,,Regular,,,,,,,,,T-SHIRTS,POLOS,NOOS,9014787003,,Others,PREMIUM by JACK & JONES
,,Shree,901478701,JJPR QUIREN SS POLO,"JJPR QUIREN SS POLO, Jet Black, L",Jet Black,D,Black,#000000,Other  ,Large,L,,,8905944648191,INR,2999,Core,NOS,2026,India,61052010,0.18,Immediate,Men,International,Clothing,Western_Wear,Top_Wear,T-Shirts,Casual,Full Sleeve,Polo Neck,,Textured Fabric,Knit,Regular,,Polyester 93% Elastane 7%  ,,Regular,,,,,,,,,T-SHIRTS,POLOS,NOOS,9014787005,,Others,PREMIUM by JACK & JONES
,,Shree,901478701,JJPR QUIREN SS POLO,"JJPR QUIREN SS POLO, Jet Black, XL",Jet Black,D,Black,#000000,Other  ,X-Large,XL,,,8905944648214,INR,2999,Core,NOS,2026,India,61052010,0.18,Immediate,Men,International,Clothing,Western_Wear,Top_Wear,T-Shirts,Casual,Full Sleeve,Polo Neck,,Textured Fabric,Knit,Regular,,Polyester 93% Elastane 7%  ,,Regular,,,,,,,,,T-SHIRTS,POLOS,NOOS,9014787007,,Others,PREMIUM by JACK & JONES
,,Shree,901478701,JJPR QUIREN SS POLO,"JJPR QUIREN SS POLO, Jet Black, XXL",Jet Black,D,Black,#000000,Other  ,XX-Large,XXL,,,8905944648238,INR,2999,Core,NOS,2026,India,61052010,0.18,Immediate,Men,International,Clothing,Western_Wear,Top_Wear,T-Shirts,Casual,Full Sleeve,Polo Neck,,Textured Fabric,Knit,Regular,,Polyester 93% Elastane 7%  ,,Regular,,,,,,,,,T-SHIRTS,POLOS,NOOS,9014787009,,Others,PREMIUM by JACK & JONES
,,Shree,901478702,JJPR QUIREN SS POLO,"JJPR QUIREN SS POLO, Cloud Dancer, S",Cloud Dancer,AZ,Off White,#F5F5F5,Other  ,Small,S,,,8905944648160,INR,2999,Core,NOS,2026,India,61052010,0.18,Immediate,Men,International,Clothing,Western_Wear,Top_Wear,T-Shirts,Casual,Full Sleeve,Polo Neck,,Textured Fabric,Knit,Regular,,Polyester 93% Elastane 7%  ,,Regular,,,,,,,,,T-SHIRTS,POLOS,NOOS,9014787002,,Others,PREMIUM by JACK & JONES
,,Shree,901478702,JJPR QUIREN SS POLO,"JJPR QUIREN SS POLO, Cloud Dancer, M",Cloud Dancer,AZ,Off White,#F5F5F5,Other  ,Medium,M,,,8905944648184,INR,2999,Core,NOS,2026,India,61052010,0.18,Immediate,Men,International,Clothing,Western_Wear,Top_Wear,T-Shirts,Casual,Full Sleeve,Polo Neck,,Textured Fabric,Knit,Regular,,Polyester 93% Elastane 7%  ,,Regular,,,,,,,,,T-SHIRTS,POLOS,NOOS,9014787004,,Others,PREMIUM by JACK & JONES
,,Shree,901478702,JJPR QUIREN SS POLO,"JJPR QUIREN SS POLO, Cloud Dancer, L",Cloud Dancer,AZ,Off White,#F5F5F5,Other  ,Large,L,,,8905944648207,INR,2999,Core,NOS,2026,India,61052010,0.18,Immediate,Men,International,Clothing,Western_Wear,Top_Wear,T-Shirts,Casual,Full Sleeve,Polo Neck,,Textured Fabric,Knit,Regular,,Polyester 93% Elastane 7%  ,,Regular,,,,,,,,,T-SHIRTS,POLOS,NOOS,9014787006,,Others,PREMIUM by JACK & JONES
,,Shree,901478702,JJPR QUIREN SS POLO,"JJPR QUIREN SS POLO, Cloud Dancer, XL",Cloud Dancer,AZ,Off White,#F5F5F5,Other  ,X-Large,XL,,,8905944648221,INR,2999,Core,NOS,2026,India,61052010,0.18,Immediate,Men,International,Clothing,Western_Wear,Top_Wear,T-Shirts,Casual,Full Sleeve,Polo Neck,,Textured Fabric,Knit,Regular,,Polyester 93% Elastane 7%  ,,Regular,,,,,,,,,T-SHIRTS,POLOS,NOOS,9014787008,,Others,PREMIUM by JACK & JONES
,,Shree,901478702,JJPR QUIREN SS POLO,"JJPR QUIREN SS POLO, Cloud Dancer, XXL",Cloud Dancer,AZ,Off White,#F5F5F5,Other  ,XX-Large,XXL,,,8905944648245,INR,2999,Core,NOS,2026,India,61052010,0.18,Immediate,Men,International,Clothing,Western_Wear,Top_Wear,T-Shirts,Casual,Full Sleeve,Polo Neck,,Textured Fabric,Knit,Regular,,Polyester 93% Elastane 7%  ,,Regular,,,,,,,,,T-SHIRTS,POLOS,NOOS,9014787010,,Others,PREMIUM by JACK & JONES
,,Shree,902272801,JJEPAULOS POLO SS NOOS,"JJEPAULOS POLO SS, Dark Grey Melange, S",Dark Grey Melange,T,Dark Grey,#a9a9a9,Other  ,Small,S,,,8905944906642,INR,1999,Core,NOS,2026,Denmark,61051020,0.05,Immediate,Men,International,Clothing,Western_Wear,Top_Wear,T-Shirts,Casual,Full Sleeve,Polo Neck,,Embroidery,Knit,Slim,,Cotton - Organic 100%   ,,Regular,,,,,,,,,T-SHIRTS,POLOS,NOOS,9022728001,,Knitted,ORIGINALS by JACK & JONES
,,Shree,902272801,JJEPAULOS POLO SS NOOS,"JJEPAULOS POLO SS, Dark Grey Melange, M",Dark Grey Melange,T,Dark Grey,#a9a9a9,Other  ,Medium,M,,,8905944906659,INR,1999,Core,NOS,2026,Denmark,61051020,0.05,Immediate,Men,International,Clothing,Western_Wear,Top_Wear,T-Shirts,Casual,Full Sleeve,Polo Neck,,Embroidery,Knit,Slim,,Cotton - Organic 100%   ,,Regular,,,,,,,,,T-SHIRTS,POLOS,NOOS,9022728013,,Knitted,ORIGINALS by JACK & JONES
,,Shree,902272801,JJEPAULOS POLO SS NOOS,"JJEPAULOS POLO SS, Dark Grey Melange, L",Dark Grey Melange,T,Dark Grey,#a9a9a9,Other  ,Large,L,,,8905944906666,INR,1999,Core,NOS,2026,Denmark,61051020,0.05,Immediate,Men,International,Clothing,Western_Wear,Top_Wear,T-Shirts,Casual,Full Sleeve,Polo Neck,,Embroidery,Knit,Slim,,Cotton - Organic 100%   ,,Regular,,,,,,,,,T-SHIRTS,POLOS,NOOS,9022728025,,Knitted,ORIGINALS by JACK & JONES
,,Shree,902272801,JJEPAULOS POLO SS NOOS,"JJEPAULOS POLO SS, Dark Grey Melange, XL",Dark Grey Melange,T,Dark Grey,#a9a9a9,Other  ,X-Large,XL,,,8905944906673,INR,1999,Core,NOS,2026,Denmark,61051020,0.05,Immediate,Men,International,Clothing,Western_Wear,Top_Wear,T-Shirts,Casual,Full Sleeve,Polo Neck,,Embroidery,Knit,Slim,,Cotton - Organic 100%   ,,Regular,,,,,,,,,T-SHIRTS,POLOS,NOOS,9022728037,,Knitted,ORIGINALS by JACK & JONES
,,Shree,902272801,JJEPAULOS POLO SS NOOS,"JJEPAULOS POLO S, Dark Grey Melange, XXL",Dark Grey Melange,T,Dark Grey,#a9a9a9,Other  ,XX-Large,XXL,,,8905944906680,INR,1999,Core,NOS,2026,Denmark,61051020,0.05,Immediate,Men,International,Clothing,Western_Wear,Top_Wear,T-Shirts,Casual,Full Sleeve,Polo Neck,,Embroidery,Knit,Slim,,Cotton - Organic 100%   ,,Regular,,,,,,,,,T-SHIRTS,POLOS,NOOS,9022728049,,Knitted,ORIGINALS by JACK & JONES
,,Shree,902272803,JJEPAULOS POLO SS NOOS,"JJEPAULOS POLO SS NOOS, White, S",White,BQ,White,#FFFFFF,Other  ,Small,S,,,8905944861330,INR,1999,Core,NOS,2026,Denmark,61051020,0.05,Immediate,Men,International,Clothing,Western_Wear,Top_Wear,T-Shirts,Casual,Full Sleeve,Polo Neck,,Embroidery,Knit,Slim,,Cotton - Organic 100%   ,,Regular,,,,,,,,,T-SHIRTS,POLOS,NOOS,9022728003,,Knitted,ORIGINALS by JACK & JONES
,,Shree,902272803,JJEPAULOS POLO SS NOOS,"JJEPAULOS POLO SS NOOS, White, M",White,BQ,White,#FFFFFF,Other  ,Medium,M,,,8905944861378,INR,1999,Core,NOS,2026,Denmark,61051020,0.05,Immediate,Men,International,Clothing,Western_Wear,Top_Wear,T-Shirts,Casual,Full Sleeve,Polo Neck,,Embroidery,Knit,Slim,,Cotton - Organic 100%   ,,Regular,,,,,,,,,T-SHIRTS,POLOS,NOOS,9022728015,,Knitted,ORIGINALS by JACK & JONES
,,Shree,902272803,JJEPAULOS POLO SS NOOS,"JJEPAULOS POLO SS NOOS, White, L",White,BQ,White,#FFFFFF,Other  ,Large,L,,,8905944861415,INR,1999,Core,NOS,2026,Denmark,61051020,0.05,Immediate,Men,International,Clothing,Western_Wear,Top_Wear,T-Shirts,Casual,Full Sleeve,Polo Neck,,Embroidery,Knit,Slim,,Cotton - Organic 100%   ,,Regular,,,,,,,,,T-SHIRTS,POLOS,NOOS,9022728027,,Knitted,ORIGINALS by JACK & JONES
,,Shree,902272803,JJEPAULOS POLO SS NOOS,"JJEPAULOS POLO SS NOOS, White, XL",White,BQ,White,#FFFFFF,Other  ,X-Large,XL,,,8905944861453,INR,1999,Core,NOS,2026,Denmark,61051020,0.05,Immediate,Men,International,Clothing,Western_Wear,Top_Wear,T-Shirts,Casual,Full Sleeve,Polo Neck,,Embroidery,Knit,Slim,,Cotton - Organic 100%   ,,Regular,,,,,,,,,T-SHIRTS,POLOS,NOOS,9022728039,,Knitted,ORIGINALS by JACK & JONES
,,Shree,902272803,JJEPAULOS POLO SS NOOS,"JJEPAULOS POLO SS NOOS, White, XXL",White,BQ,White,#FFFFFF,Other  ,XX-Large,XXL,,,8905944861491,INR,1999,Core,NOS,2026,Denmark,61051020,0.05,Immediate,Men,International,Clothing,Western_Wear,Top_Wear,T-Shirts,Casual,Full Sleeve,Polo Neck,,Embroidery,Knit,Slim,,Cotton - Organic 100%   ,,Regular,,,,,,,,,T-SHIRTS,POLOS,NOOS,9022728051,,Knitted,ORIGINALS by JACK & JONES
,,Shree,902272806,JJEPAULOS POLO SS NOOS,"JJEPAULOS POLO SS NOOS, Dark Navy, S",Dark Navy,AX,Navy Blue,#000080,Other  ,Small,S,,,8905944861354,INR,1999,Core,NOS,2026,Denmark,61051020,0.05,Immediate,Men,International,Clothing,Western_Wear,Top_Wear,T-Shirts,Casual,Full Sleeve,Polo Neck,,Embroidery,Knit,Slim,,Cotton - Organic 100%   ,,Regular,,,,,,,,,T-SHIRTS,POLOS,NOOS,9022728006,,Knitted,ORIGINALS by JACK & JONES
,,Shree,902272806,JJEPAULOS POLO SS NOOS,"JJEPAULOS POLO SS NOOS, Dark Navy, M",Dark Navy,AX,Navy Blue,#000080,Other  ,Medium,M,,,8905944861392,INR,1999,Core,NOS,2026,Denmark,61051020,0.05,Immediate,Men,International,Clothing,Western_Wear,Top_Wear,T-Shirts,Casual,Full Sleeve,Polo Neck,,Embroidery,Knit,Slim,,Cotton - Organic 100%   ,,Regular,,,,,,,,,T-SHIRTS,POLOS,NOOS,9022728018,,Knitted,ORIGINALS by JACK & JONES
,,Shree,902272806,JJEPAULOS POLO SS NOOS,"JJEPAULOS POLO SS NOOS, Dark Navy, L",Dark Navy,AX,Navy Blue,#000080,Other  ,Large,L,,,8905944861439,INR,1999,Core,NOS,2026,Denmark,61051020,0.05,Immediate,Men,International,Clothing,Western_Wear,Top_Wear,T-Shirts,Casual,Full Sleeve,Polo Neck,,Embroidery,Knit,Slim,,Cotton - Organic 100%   ,,Regular,,,,,,,,,T-SHIRTS,POLOS,NOOS,9022728030,,Knitted,ORIGINALS by JACK & JONES
,,Shree,902272806,JJEPAULOS POLO SS NOOS,"JJEPAULOS POLO SS NOOS, Dark Navy, XL",Dark Navy,AX,Navy Blue,#000080,Other  ,X-Large,XL,,,8905944861477,INR,1999,Core,NOS,2026,Denmark,61051020,0.05,Immediate,Men,International,Clothing,Western_Wear,Top_Wear,T-Shirts,Casual,Full Sleeve,Polo Neck,,Embroidery,Knit,Slim,,Cotton - Organic 100%   ,,Regular,,,,,,,,,T-SHIRTS,POLOS,NOOS,9022728042,,Knitted,ORIGINALS by JACK & JONES
,,Shree,902272806,JJEPAULOS POLO SS NOOS,"JJEPAULOS POLO SS NOOS, Dark Navy, XXL",Dark Navy,AX,Navy Blue,#000080,Other  ,XX-Large,XXL,,,8905944861514,INR,1999,Core,NOS,2026,Denmark,61051020,0.05,Immediate,Men,International,Clothing,Western_Wear,Top_Wear,T-Shirts,Casual,Full Sleeve,Polo Neck,,Embroidery,Knit,Slim,,Cotton - Organic 100%   ,,Regular,,,,,,,,,T-SHIRTS,POLOS,NOOS,9022728054,,Knitted,ORIGINALS by JACK & JONES
,,Shree,902272807,JJEPAULOS POLO SS NOOS,"JJEPAULOS POLO SS NOOS, Bright Cobalt, S",Bright Cobalt,BG,Royal Blue,#4169e1,Other  ,Small,S,,,8905944861361,INR,1999,Core,NOS,2026,Denmark,61051020,0.05,Immediate,Men,International,Clothing,Western_Wear,Top_Wear,T-Shirts,Casual,Full Sleeve,Polo Neck,,Embroidery,Knit,Slim,,Cotton - Organic 100%   ,,Regular,,,,,,,,,T-SHIRTS,POLOS,NOOS,9022728007,,Knitted,ORIGINALS by JACK & JONES
,,Shree,902272807,JJEPAULOS POLO SS NOOS,"JJEPAULOS POLO SS NOOS, Bright Cobalt, M",Bright Cobalt,BG,Royal Blue,#4169e1,Other  ,Medium,M,,,8905944861408,INR,1999,Core,NOS,2026,Denmark,61051020,0.05,Immediate,Men,International,Clothing,Western_Wear,Top_Wear,T-Shirts,Casual,Full Sleeve,Polo Neck,,Embroidery,Knit,Slim,,Cotton - Organic 100%   ,,Regular,,,,,,,,,T-SHIRTS,POLOS,NOOS,9022728019,,Knitted,ORIGINALS by JACK & JONES
,,Shree,902272807,JJEPAULOS POLO SS NOOS,"JJEPAULOS POLO SS NOOS, Bright Cobalt, L",Bright Cobalt,BG,Royal Blue,#4169e1,Other  ,Large,L,,,8905944861446,INR,1999,Core,NOS,2026,Denmark,61051020,0.05,Immediate,Men,International,Clothing,Western_Wear,Top_Wear,T-Shirts,Casual,Full Sleeve,Polo Neck,,Embroidery,Knit,Slim,,Cotton - Organic 100%   ,,Regular,,,,,,,,,T-SHIRTS,POLOS,NOOS,9022728031,,Knitted,ORIGINALS by JACK & JONES
,,Shree,902272807,JJEPAULOS POLO SS NOOS,"JJEPAULOS POLO SS NOO, Bright Cobalt, XL",Bright Cobalt,BG,Royal Blue,#4169e1,Other  ,X-Large,XL,,,8905944861484,INR,1999,Core,NOS,2026,Denmark,61051020,0.05,Immediate,Men,International,Clothing,Western_Wear,Top_Wear,T-Shirts,Casual,Full Sleeve,Polo Neck,,Embroidery,Knit,Slim,,Cotton - Organic 100%   ,,Regular,,,,,,,,,T-SHIRTS,POLOS,NOOS,9022728043,,Knitted,ORIGINALS by JACK & JONES
,,Shree,902272807,JJEPAULOS POLO SS NOOS,"JJEPAULOS POLO SS NO, Bright Cobalt, XXL",Bright Cobalt,BG,Royal Blue,#4169e1,Other  ,XX-Large,XXL,,,8905944861521,INR,1999,Core,NOS,2026,Denmark,61051020,0.05,Immediate,Men,International,Clothing,Western_Wear,Top_Wear,T-Shirts,Casual,Full Sleeve,Polo Neck,,Embroidery,Knit,Slim,,Cotton - Organic 100%   ,,Regular,,,,,,,,,T-SHIRTS,POLOS,NOOS,9022728055,,Knitted,ORIGINALS by JACK & JONES
,,Shree,902272808,JJEPAULOS POLO SS NOOS,"JJEPAULOS POLO SS NOOS, Rio Red, S",Rio Red,BF,Red,#FF0000,Other  ,Small,S,,,8905944906697,INR,1999,Core,NOS,2026,Denmark,61051020,0.05,Immediate,Men,International,Clothing,Western_Wear,Top_Wear,T-Shirts,Casual,Full Sleeve,Polo Neck,,Embroidery,Knit,Slim,,Cotton - Organic 100%   ,,Regular,,,,,,,,,T-SHIRTS,POLOS,NOOS,9022728008,,Knitted,ORIGINALS by JACK & JONES
,,Shree,902272808,JJEPAULOS POLO SS NOOS,"JJEPAULOS POLO SS NOOS, Rio Red, M",Rio Red,BF,Red,#FF0000,Other  ,Medium,M,,,8905944906703,INR,1999,Core,NOS,2026,Denmark,61051020,0.05,Immediate,Men,International,Clothing,Western_Wear,Top_Wear,T-Shirts,Casual,Full Sleeve,Polo Neck,,Embroidery,Knit,Slim,,Cotton - Organic 100%   ,,Regular,,,,,,,,,T-SHIRTS,POLOS,NOOS,9022728020,,Knitted,ORIGINALS by JACK & JONES
,,Shree,902272808,JJEPAULOS POLO SS NOOS,"JJEPAULOS POLO SS NOOS, Rio Red, L",Rio Red,BF,Red,#FF0000,Other  ,Large,L,,,8905944906710,INR,1999,Core,NOS,2026,Denmark,61051020,0.05,Immediate,Men,International,Clothing,Western_Wear,Top_Wear,T-Shirts,Casual,Full Sleeve,Polo Neck,,Embroidery,Knit,Slim,,Cotton - Organic 100%   ,,Regular,,,,,,,,,T-SHIRTS,POLOS,NOOS,9022728032,,Knitted,ORIGINALS by JACK & JONES
,,Shree,902272808,JJEPAULOS POLO SS NOOS,"JJEPAULOS POLO SS NOOS, Rio Red, XL",Rio Red,BF,Red,#FF0000,Other  ,X-Large,XL,,,8905944906727,INR,1999,Core,NOS,2026,Denmark,61051020,0.05,Immediate,Men,International,Clothing,Western_Wear,Top_Wear,T-Shirts,Casual,Full Sleeve,Polo Neck,,Embroidery,Knit,Slim,,Cotton - Organic 100%   ,,Regular,,,,,,,,,T-SHIRTS,POLOS,NOOS,9022728044,,Knitted,ORIGINALS by JACK & JONES
,,Shree,902272808,JJEPAULOS POLO SS NOOS,"JJEPAULOS POLO SS NOOS, Rio Red, XXL",Rio Red,BF,Red,#FF0000,Other  ,XX-Large,XXL,,,8905944906734,INR,1999,Core,NOS,2026,Denmark,61051020,0.05,Immediate,Men,International,Clothing,Western_Wear,Top_Wear,T-Shirts,Casual,Full Sleeve,Polo Neck,,Embroidery,Knit,Slim,,Cotton - Organic 100%   ,,Regular,,,,,,,,,T-SHIRTS,POLOS,NOOS,9022728056,,Knitted,ORIGINALS by JACK & JONES
,,Shree,144223703,JJPR TRIP POLO,"JJPR TRIP POLO, Zinfandel, S",Zinfandel,AS,Maroon,#800000,Other  ,Small,S,,,5715429429381,INR,2299,Core,NOS,2026,India,61051020,0.05,Immediate,Men,International,Clothing,Western_Wear,Top_Wear,T-Shirts,Casual,Half Sleeve,Round Neck,Regular Collar,Textured Fabric,Knit,Normal,,Cotton 100%   ,,Regular,,,,,,,,,T-SHIRTS,POLOS,NOOS,1442237020,,JACQUARD,PREMIUM by JACK & JONES
,,Shree,144223703,JJPR TRIP POLO,"JJPR TRIP POLO, Zinfandel, M",Zinfandel,AS,Maroon,#800000,Other  ,Medium,M,,,5715429429398,INR,2299,Core,NOS,2026,India,61051020,0.05,Immediate,Men,International,Clothing,Western_Wear,Top_Wear,T-Shirts,Casual,Half Sleeve,Round Neck,Regular Collar,Textured Fabric,Knit,Normal,,Cotton 100%   ,,Regular,,,,,,,,,T-SHIRTS,POLOS,NOOS,1442237007,,JACQUARD,PREMIUM by JACK & JONES
,,Shree,144223703,JJPR TRIP POLO,"JJPR TRIP POLO, Zinfandel, L",Zinfandel,AS,Maroon,#800000,Other  ,Large,L,,,5715429429404,INR,2299,Core,NOS,2026,India,61051020,0.05,Immediate,Men,International,Clothing,Western_Wear,Top_Wear,T-Shirts,Casual,Half Sleeve,Round Neck,Regular Collar,Textured Fabric,Knit,Normal,,Cotton 100%   ,,Regular,,,,,,,,,T-SHIRTS,POLOS,NOOS,1442237013,,JACQUARD,PREMIUM by JACK & JONES
,,Shree,144223703,JJPR TRIP POLO,"JJPR TRIP POLO, Zinfandel, XL",Zinfandel,AS,Maroon,#800000,Other  ,X-Large,XL,,,5715429429411,INR,2299,Core,NOS,2026,India,61051020,0.05,Immediate,Men,International,Clothing,Western_Wear,Top_Wear,T-Shirts,Casual,Half Sleeve,Round Neck,Regular Collar,Textured Fabric,Knit,Normal,,Cotton 100%   ,,Regular,,,,,,,,,T-SHIRTS,POLOS,NOOS,1442237014,,JACQUARD,PREMIUM by JACK & JONES
,,Shree,144223703,JJPR TRIP POLO,"JJPR TRIP POLO, Zinfandel, XXL",Zinfandel,AS,Maroon,#800000,Other  ,XX-Large,XXL,,,5715429429428,INR,2299,Core,NOS,2026,India,61051020,0.05,Immediate,Men,International,Clothing,Western_Wear,Top_Wear,T-Shirts,Casual,Half Sleeve,Round Neck,Regular Collar,Textured Fabric,Knit,Normal,,Cotton 100%   ,,Regular,,,,,,,,,T-SHIRTS,POLOS,NOOS,1442237008,,JACQUARD,PREMIUM by JACK & JONES
,,Shree,144223707,JJPR TRIP POLO,"JJPR TRIP POLO, Star White, S",Star White,BQ,White,#FFFFFF,Other  ,Small,S,,,5715612657164,INR,2299,Core,NOS,2026,India,61051020,0.05,Immediate,Men,International,Clothing,Western_Wear,Top_Wear,T-Shirts,Casual,Half Sleeve,Round Neck,Regular Collar,Textured Fabric,Knit,Normal,,Cotton 100%   ,,Regular,,,,,,,,,T-SHIRTS,POLOS,NOOS,1442237031,,JACQUARD,PREMIUM by JACK & JONES
,,Shree,144223707,JJPR TRIP POLO,"JJPR TRIP POLO, Star White, M",Star White,BQ,White,#FFFFFF,Other  ,Medium,M,,,5715612657171,INR,2299,Core,NOS,2026,India,61051020,0.05,Immediate,Men,International,Clothing,Western_Wear,Top_Wear,T-Shirts,Casual,Half Sleeve,Round Neck,Regular Collar,Textured Fabric,Knit,Normal,,Cotton 100%   ,,Regular,,,,,,,,,T-SHIRTS,POLOS,NOOS,1442237033,,JACQUARD,PREMIUM by JACK & JONES
,,Shree,144223707,JJPR TRIP POLO,"JJPR TRIP POLO, Star White, L",Star White,BQ,White,#FFFFFF,Other  ,Large,L,,,5715612657188,INR,2299,Core,NOS,2026,India,61051020,0.05,Immediate,Men,International,Clothing,Western_Wear,Top_Wear,T-Shirts,Casual,Half Sleeve,Round Neck,Regular Collar,Textured Fabric,Knit,Normal,,Cotton 100%   ,,Regular,,,,,,,,,T-SHIRTS,POLOS,NOOS,1442237032,,JACQUARD,PREMIUM by JACK & JONES
,,Shree,144223707,JJPR TRIP POLO,"JJPR TRIP POLO, Star White, XL",Star White,BQ,White,#FFFFFF,Other  ,X-Large,XL,,,5715612657195,INR,2299,Core,NOS,2026,India,61051020,0.05,Immediate,Men,International,Clothing,Western_Wear,Top_Wear,T-Shirts,Casual,Half Sleeve,Round Neck,Regular Collar,Textured Fabric,Knit,Normal,,Cotton 100%   ,,Regular,,,,,,,,,T-SHIRTS,POLOS,NOOS,1442237037,,JACQUARD,PREMIUM by JACK & JONES
,,Shree,144223707,JJPR TRIP POLO,"JJPR TRIP POLO, Star White, XXL",Star White,BQ,White,#FFFFFF,Other  ,XX-Large,XXL,,,5715612657201,INR,2299,Core,NOS,2026,India,61051020,0.05,Immediate,Men,International,Clothing,Western_Wear,Top_Wear,T-Shirts,Casual,Half Sleeve,Round Neck,Regular Collar,Textured Fabric,Knit,Normal,,Cotton 100%   ,,Regular,,,,,,,,,T-SHIRTS,POLOS,NOOS,1442237040,,JACQUARD,PREMIUM by JACK & JONES
,,Shree,144223708,JJPR TRIP POLO,"JJPR TRIP POLO, Jet Stream, S",Jet Stream,P,Cream,#FFFDD0,Other  ,Small,S,,,5715612657119,INR,2299,Core,NOS,2026,India,61051020,0.05,Immediate,Men,International,Clothing,Western_Wear,Top_Wear,T-Shirts,Casual,Half Sleeve,Round Neck,Regular Collar,Textured Fabric,Knit,Normal,,Cotton 100%   ,,Regular,,,,,,,,,T-SHIRTS,POLOS,NOOS,1442237038,,JACQUARD,PREMIUM by JACK & JONES
,,Shree,144223708,JJPR TRIP POLO,"JJPR TRIP POLO, Jet Stream, M",Jet Stream,P,Cream,#FFFDD0,Other  ,Medium,M,,,5715612657126,INR,2299,Core,NOS,2026,India,61051020,0.05,Immediate,Men,International,Clothing,Western_Wear,Top_Wear,T-Shirts,Casual,Half Sleeve,Round Neck,Regular Collar,Textured Fabric,Knit,Normal,,Cotton 100%   ,,Regular,,,,,,,,,T-SHIRTS,POLOS,NOOS,1442237034,,JACQUARD,PREMIUM by JACK & JONES
,,Shree,144223708,JJPR TRIP POLO,"JJPR TRIP POLO, Jet Stream, L",Jet Stream,P,Cream,#FFFDD0,Other  ,Large,L,,,5715612657133,INR,2299,Core,NOS,2026,India,61051020,0.05,Immediate,Men,International,Clothing,Western_Wear,Top_Wear,T-Shirts,Casual,Half Sleeve,Round Neck,Regular Collar,Textured Fabric,Knit,Normal,,Cotton 100%   ,,Regular,,,,,,,,,T-SHIRTS,POLOS,NOOS,1442237036,,JACQUARD,PREMIUM by JACK & JONES
,,Shree,144223708,JJPR TRIP POLO,"JJPR TRIP POLO, Jet Stream, XL",Jet Stream,P,Cream,#FFFDD0,Other  ,X-Large,XL,,,5715612657140,INR,2299,Core,NOS,2026,India,61051020,0.05,Immediate,Men,International,Clothing,Western_Wear,Top_Wear,T-Shirts,Casual,Half Sleeve,Round Neck,Regular Collar,Textured Fabric,Knit,Normal,,Cotton 100%   ,,Regular,,,,,,,,,T-SHIRTS,POLOS,NOOS,1442237035,,JACQUARD,PREMIUM by JACK & JONES
,,Shree,144223708,JJPR TRIP POLO,"JJPR TRIP POLO, Jet Stream, XXL",Jet Stream,P,Cream,#FFFDD0,Other  ,XX-Large,XXL,,,5715612657157,INR,2299,Core,NOS,2026,India,61051020,0.05,Immediate,Men,International,Clothing,Western_Wear,Top_Wear,T-Shirts,Casual,Half Sleeve,Round Neck,Regular Collar,Textured Fabric,Knit,Normal,,Cotton 100%   ,,Regular,,,,,,,,,T-SHIRTS,POLOS,NOOS,1442237039,,JACQUARD,PREMIUM by JACK & JONES
